,wavelength,flux_spec
0,9972406.865491299,542324306660.74536
1,9917449.301778276,551691355244.2676
2,9862794.60715695,561261733627.044
3,9808441.112526989,571010437279.8391
4,9754387.157986436,580925489717.6826
5,9700631.092781007,591008679625.8599
6,9647171.275253618,601264917466.7585
7,9594006.072794344,611725843799.9191
8,9541133.86179047,622340256581.4657
9,9488553.027576987,633018080473.7765
10,9436261.964387232,643948430523.7057
11,9384259.07530384,655141279541.4684
12,9332542.772210045,666428506765.4064
13,9281111.475741075,677878325823.248
14,9229963.61523603,689519869976.3107
15,9179097.628689852,701370819358.2633
16,9128511.962705601,713432309205.178
17,9078205.0724471,725654551021.1589
18,9028175.421591662,738087170885.9194
19,8978421.48228325,750785731708.0785
20,8928941.735085774,763675554338.9398
21,8879734.668936688,776746278045.4988
22,8830798.781100878,789923017832.8729
23,8782132.57712472,803328503615.8823
24,8733734.570790494,817096929938.61
25,8685603.284070965,831035398716.4331
26,8637737.247084232,845137075306.0359
27,8590134.998048889,859485648623.1979
28,8542795.083239315,874039454587.5061
29,8495716.056941357,888709279721.4249
30,8448896.481408123,903743574836.1583
31,8402334.92681607,919156594947.6249
32,8356029.9712213995,934734496892.7731
33,8309980.200516552,950481357576.7234
34,8264184.208387089,966284108007.7086
35,8218640.596268719,982544439018.7397
36,8173347.973304563,999278289347.362
37,8128304.956302731,1016044372870.0052
38,8083510.169694023,1033022125137.8057
39,8038962.245489977,1050308839895.3315
40,7994659.823241058,1067840643179.2626
41,7950601.549995099,1085619670312.6307
42,7906786.080256025,1103697992264.2039
43,7863212.075942725,1122087028334.0095
44,7819878.206348221,1140811581194.5125
45,7776783.148098982,1159844718309.4653
46,7733925.585114566,1179184302738.3633
47,7691304.208567402,1198787408894.4092
48,7648917.716842793,1218693800657.5286
49,7606764.815499224,1238915632941.2935
50,7564844.217228769,1259372527064.7607
51,7523154.641817835,1280070836695.4941
52,7481694.8161080275,1301132731689.7668
53,7440463.473957268,1322588862523.3684
54,7399459.35620117,1344534317446.0422
55,7358681.210614516,1366750560482.6436
56,7318127.791873087,1389231640891.8198
57,7277797.861515595,1412130992903.5505
58,7237690.187905847,1435462154818.725
59,7197803.546195176,1459309658335.9485
60,7158136.718284987,1483358614494.2773
61,7118688.492789596,1507611730519.8806
62,7079457.664999229,1532446270313.333
63,7040443.036843193,1557667247586.703
64,7001643.416853352,1583039826386.5486
65,6963057.620127674,1608886203715.878
66,6924684.468294108,1635246766669.5652
67,6886522.789474555,1662147495841.7263
68,6848571.41824908,1689444125484.0554
69,6810829.195620362,1716925263332.6252
70,6773294.968978239,1744899671314.2588
71,6735967.592064569,1773379056777.7383
72,6698845.924938175,1802095040294.7646
73,6661928.8339400655,1831228910605.6191
74,6625215.191658807,1860906632369.1
75,6588703.876896066,1891000346240.3423
76,6552393.774632412,1921526652503.7942
77,6516283.775993245,1952778063169.041
78,6480372.778214913,1984629912693.3833
79,6444659.684611078,2017060193525.9246
80,6409143.404539174,2049851800394.5867
81,6373822.853367154,2083024912081.7244
82,6338696.952440308,2117007656064.794
83,6303764.629048375,2151509935939.147
84,6269024.816392757,2186199468944.404
85,6234476.453553929,2221220418810.7905
86,6200118.485459073,2256653362196.2476
87,6165949.86284982,2293313159644.816
88,6131969.5422502365,2330565684134.7363
89,6098176.485934954,2367738373084.304
90,6064569.661897443,2405881408045.302
91,6031148.043818555,2445020546167.095
92,5997910.611035121,2483964414950.593
93,5964856.3485088255,2523507873495.793
94,5931984.246795194,2564451699372.0527
95,5899293.302012745,2605498613962.8623
96,5866782.515812373,2646663812224.342
97,5834450.895346814,2689354745801.298
98,5802297.453240366,2732692935835.0776
99,5770321.2075587185,2775705103848.304
100,5738521.181778943,2819920426337.128
101,5706896.404759726,2865403131128.853
102,5675445.910711641,2910706596825.295
103,5644168.73916772,2956695138227.286
104,5613063.934954086,3004232633688.213
105,5582130.5481607765,3051999238274.0366
106,5551367.634112766,3099959711735.46
107,5520774.253341079,3148816698810.7207
108,5490349.471554139,3198605850556.063
109,5460092.359609195,3249581704502.985
110,5430001.993483983,3300981129475.6377
111,5400077.454248492,3352813146666.6807
112,5370317.828036881,3406078809511.5625
113,5340722.20601961,3460106698909.1846
114,5311289.684375662,3514113888919.815
115,5282019.364264931,3569066157335.267
116,5252910.351800801,3625040688690.988
117,5223961.758022818,3681946440355.787
118,5195172.698869569,3739686286511.3076
119,5166542.29515166,3798081725501.409
120,5138069.672524882,3857357355277.486
121,5109753.96146351,3917509474644.798
122,5081594.29723373,3978126461760.9385
123,5053589.819867251,4039805247728.0977
124,5025739.674135045,4103356767493.317
125,4998043.0095211975,4167285412171.8657
126,4970498.980196979,4231492906477.36
127,4943106.744994968,4296341878462.935
128,4915865.467383407,4362209103002.3135
129,4888774.315440616,4429535719762.553
130,4861832.461829613,4498212645232.9795
131,4835039.083772848,4568149064805.717
132,4808393.3630270455,4638050575350.022
133,4781894.4858582625,4708753657172.216
134,4755541.643016991,4780742545974.939
135,4729334.0297134835,4854196145570.435
136,4703270.845593159,4929078947812.408
137,4677351.294712143,5004175688991.862
138,4651574.585513003,5080083572553.943
139,4625939.9308005255,5157001300996.514
140,4600446.547717718,5235122644504.341
141,4575093.657721884,5314485603256.358
142,4549880.486560831,5395129665171.971
143,4524806.264249261,5476585413714.807
144,4499870.225045216,5557846460129.227
145,4475071.607426738,5641194094076.046
146,4450409.654068562,5726858173258.838
147,4425883.611819034,5813739446318.318
148,4401492.731677089,5901361982901.869
149,4377236.268769362,5988612489253.322
150,4353113.482327476,6077208078586.455
151,4329123.635665399,6167238571921.9
152,4305265.996156934,6257860711556.14
153,4281539.835213378,6350004142364.284
154,4257944.428261238,6444990743568.479
155,4234479.054720134,6540880545626.145
156,4211142.997980758,6637559222363.137
157,4187935.5453830264,6736164186221.661
158,4164855.9881942985,6835551950497.413
159,4141903.621587716,6933765231937.639
160,4119077.744620713,7035210685405.9375
161,4096377.6602135883,7140093709914.547
162,4073802.6751282094,7243598985810.519
163,4051352.099946872,7348178564610.875
164,4029025.2490512077,7455697397591.107
165,4006821.4406012855,7563846982946.419
166,3984739.9965147474,7672604245309.861
167,3962780.24244614,7784057667704.697
168,3940941.507766297,7896597830065.72
169,3919223.1255418584,8008039132976.756
170,3897624.43251492,8123036652200.396
171,3876144.7690827535,8241774524683.964
172,3854783.4792776904,8359057325858.5205
173,3833539.9107470727,8477278566926.733
174,3812413.4147333223,8597801437511.015
175,3791403.3460541577,8719504946350.412
176,3770509.063082854,8842484001169.105
177,3749729.9277286846,8968883864606.775
178,3729065.305417409,9096122865961.842
179,3708514.5650718985,9220657692142.826
180,3688077.079092877,9347927598579.43
181,3667752.2233397327,9478480063332.977
182,3647539.3771114806,9612398831588.084
183,3627437.923127786,9747418088245.998
184,3607447.247510128,9880220962752.455
185,3587566.7397630555,10016907130555.002
186,3567795.7927555162,10157854563545.44
187,3548133.8027023496,10297739804896.67
188,3528580.1691458332,10437932269956.541
189,3509134.294937331,10577629611613.086
190,3489795.5862190896,10720084411117.334
191,3470563.4524060646,10865800730104.129
192,3451437.3061679197,11015954151158.531
193,3432416.563411063,11167161920340.42
194,3413500.643260827,11314868835062.389
195,3394688.9680437255,11466058348332.71
196,3375980.963269799,11621038792364.145
197,3357376.057615088,11775775058759.805
198,3338873.682904183,11931464602755.758
199,3320473.274092854,12087899907892.965
200,3302174.2692508246,12247508710638.156
201,3283976.1095445803,12410372891745.932
202,3265878.2392203324,12573219204843.12
203,3247880.1055870145,12737376931592.934
204,3229981.158999433,12903160672490.557
205,3212180.8528414676,13071690241624.277
206,3194478.6435093693,13242590839056.588
207,3176873.9903951813,13410344726639.477
208,3159366.3558702054,13579410534834.113
209,3141955.205268606,13753030128498.16
210,3124640.0068710623,13930609931766.127
211,3107420.2318885443,14111487795233.207
212,3090295.354446161,14287363987890.816
213,3073264.8515670886,14464289403823.195
214,3056328.203156618,14646503993161.26
215,3039484.8919862635,14830257434020.453
216,3022734.4036779543,15015086785504.67
217,3006076.2266883557,15199068845143.807
218,2989509.852293213,15385140099448.969
219,2973034.774571844,15576223169937.627
220,2956650.4903916656,15768888242001.045
221,2940356.4993928494,15962662732194.447
222,2924152.3039730326,16155481291903.766
223,2908037.409272107,16349029315249.596
224,2892011.3231571326,16542885678042.023
225,2876073.556207295,16741117887185.025
226,2860223.621698951,16943280077974.535
227,2844461.0355907837,17139950117625.766
228,2828785.316509,17337585014066.19
229,2813195.9857326513,17540756783479.459
230,2797692.5671789893,17747940908530.605
231,2782274.5873889504,17958455327041.86
232,2766941.5755126853,18164088793293.56
233,2751693.0632951735,18370846511564.285
234,2736528.5850619366,18583039353559.37
235,2721447.6777048116,18796690538463.64
236,2706449.880667803,19011367025944.195
237,2691534.735933027,19226179107566.637
238,2676701.7880067127,19443479291043.297
239,2661950.583905308,19665791567045.094
240,2647280.6731416243,19884512086142.246
241,2632691.6077111037,20100170334297.23
242,2618182.9420781187,20321608366268.84
243,2603754.2331623686,20545766664918.652
244,2589405.0403253566,20769441088379.535
245,2575134.925356931,20997193966607.996
246,2560943.452461894,21228350873702.38
247,2546830.188246697,21449403404921.793
248,2532794.7017062143,21670156932344.766
249,2518836.564210573,21896241829243.78
250,2504955.349492057,22119779036014.02
251,2491150.6336321,22339842211196.906
252,2477421.9950483395,22552908777668.258
253,2463769.0144817266,22764076185963.96
254,2450191.274983744,22973205000008.066
255,2436688.3619036553,23184810920862.543
256,2423259.8628758555,23398906338605.316
257,2409905.367807262,23609074893857.418
258,2396624.4688648083,23816799706404.13
259,2383416.76046298,24018486422211.562
260,2370281.839251422,24218680353799.926
261,2357219.3041026355,24417809758300.32
262,2344228.7560997205,24615667244565.24
263,2331309.7985241855,24814889603824.535
264,2318462.036843851,25018107473206.168
265,2305685.078700779,25219902699811.793
266,2292978.5338993105,25419769299072.96
267,2280342.014394131,25619268564361.383
268,2267775.1342784376,25818712760380.332
269,2255277.5097721447,26016344845870.484
270,2242848.7592101563,26210180388257.773
271,2230488.5030307276,26400720581613.754
272,2218196.3637638637,26599545575943.42
273,2205971.966019784,26800922156142.594
274,2193814.936477481,26999304988110.926
275,2181724.903873291,27195898624105.793
276,2169701.498989581,27390625125287.145
277,2157744.354643457,27579876032862.594
278,2145853.105675559,27768320576269.684
279,2134027.3889389085,27957418082226.812
280,2122266.8432878093,28147830953714.7
281,2110571.109566833,28338822149658.066
282,2098939.830599842,28522395984095.074
283,2087372.6511790804,28705025019581.19
284,2075869.2180543288,28889639362674.715
285,2064429.1799221197,29073698980948.508
286,2053052.1874150075,29256658513914.844
287,2041737.8930908896,29435402205180.742
288,2030485.951422412,29614446240472.695
289,2019296.0187864073,29797879147722.64
290,2008167.7534533988,29974244222653.96
291,1997100.8155771738,30144177901738.78
292,1986094.8671843929,30318766772483.656
293,1975149.5721642831,30494052749704.41
294,1964264.5962583562,30665208470587.766
295,1953439.6070502182,30833896331868.293
296,1942674.2739554085,31000188792492.76
297,1931968.2682112986,31161662865298.152
298,1921321.2628670642,31322036370481.39
299,1910732.9327736974,31482260716781.477
300,1900202.9545740657,31643416990122.83
301,1889731.0066930552,31805363038391.945
302,1879316.7693277313,31964910424727.56
303,1868959.924437591,32122276319774.945
304,1858660.1557348324,32274439780500.47
305,1848417.1486747086,32425408645623.22
306,1838230.5904459187,32575205098022.68
307,1828100.169961046,32719450177846.523
308,1818025.5778470715,32861770751622.617
309,1808006.50643592,33001843403714.918
310,1798042.6497550567,33139692464953.906
311,1788133.7035181585,33275558242939.68
312,1778279.3651158055,33414127109459.375
313,1768479.3336062531,33553018677140.062
314,1758733.3097062306,33688768960345.39
315,1749040.9957818096,33822590260780.066
316,1739402.0958393116,33954549217723.85
317,1729816.3155162635,34083167762255.938
318,1720283.3620724187,34209591958570.207
319,1710802.9443808096,34331376097080.703
320,1701374.772918855,34452562105379.332
321,1691998.559759525,34573561655024.473
322,1682674.0185625441,34695965925685.95
323,1673400.8645656502,34818505920875.082
324,1664178.81457589,34939193899254.168
325,1655007.5869609793,35054136357678.418
326,1645886.901640701,35164588265255.574
327,1636816.480078344,35277829349879.25
328,1627796.04527221,35391664869459.81
329,1618825.3217471377,35503272155953.03
330,1609904.0355461081,35616740557204.36
331,1601031.914221863,35731893243100.71
332,1592208.686828593,35840256382649.484
333,1583434.083913665,35946830330756.99
334,1574707.8375093802,36052562314870.164
335,1566029.6811248073,36161245888829.09
336,1557399.3497376372,36273405869885.71
337,1548816.5797860818,36385353896959.945
338,1540281.1091608393,36497389037993.77
339,1531792.6771970778,36609293347610.04
340,1523351.0246664844,36718636766781.78
341,1514955.893769337,36825865453993.15
342,1506607.0281266454,36932310438905.82
343,1498304.1727723107,37037215458616.73
344,1490047.0741453425,37137705258157.53
345,1481835.480082116,37236324820402.695
346,1473669.1398086736,37333018318721.51
347,1465547.8039330582,37423532026263.52
348,1457471.2244377076,37507149896898.336
349,1449439.1546718713,37576009425655.55
350,1441451.3493440861,37638285224662.58
351,1433507.5645146754,37691770333335.15
352,1425607.55758831,37718058127857.14
353,1417751.0873065942,37728339165669.32
354,1409937.9137406938,37715177874294.23
355,1402167.7982840186,37677699213690.2
356,1394440.503644929,37615213045332.984
357,1386755.7938394898,37521853657249.51
358,1379113.4341842632,37408642397246.14
359,1371513.191289146,37256918065559.16
360,1363954.8330502398,37089361331432.63
361,1356438.1286427581,36909928730340.44
362,1348962.848513984,36704033218709.83
363,1341528.7643762582,36490378748401.664
364,1334135.6492000027,36277990920064.34
365,1326783.2772067948,36056646008175.82
366,1319471.4238624645,35823451527425.96
367,1312199.8658702457,35587184794954.43
368,1304968.3811639475,35351366232997.29
369,1297776.7489011814,35117897211207.17
370,1290624.7494566129,34886438748071.215
371,1283512.1644152515,34656189196004.18
372,1276438.776565786,34415234390241.016
373,1269404.3698939504,34178395846380.06
374,1262408.7295759197,33960525558837.48
375,1255451.6419717614,33746656666835.438
376,1248532.8946188996,33535145121761.812
377,1241652.2762256358,33313819649338.855
378,1234809.5766646878,33090428990202.11
379,1228004.5869667814,32869774805722.742
380,1221237.0993142633,32663266969003.8
381,1214506.9070347524,32467582594752.008
382,1207813.804594835,32262055981946.04
383,1201157.5875937843,32053348181487.355
384,1194538.0527573153,31843792151389.746
385,1187954.9979313836,31636944184002.285
386,1181408.2220760041,31433174983731.16
387,1174897.525259121,31231009533493.965
388,1168422.708650491,31025268366672.684
389,1161983.5745156202,30798936715163.418
390,1155579.9262097236,30586488285423.69
391,1149211.5681717133,30387158615480.49
392,1142878.3059182353,30173118422960.184
393,1136579.9460377265,29959595344191.992
394,1130316.296184505,29758442796180.84
395,1124087.1650728988,29551609219204.477
396,1117892.3624714066,29337570538657.215
397,1111731.6991968856,29124195451562.43
398,1105604.9871087712,28917083540638.676
399,1099512.039103338,28723884675897.28
400,1093452.6691079815,28524058801997.254
401,1087426.6920755333,28313881061781.547
402,1081433.9239786174,28102016790404.1
403,1075474.1818040244,27887038679563.78
404,1069547.283547123,27658275346837.996
405,1063653.0482063012,27439557021310.57
406,1057791.2957774438,27229914176706.617
407,1051961.8472484308,27018650518924.977
408,1046164.524593668,26803884004008.508
409,1040399.1507686573,26575321665278.312
410,1034665.5497045858,26358685466272.16
411,1028963.5463029471,26150545131754.12
412,1023292.9664301989,25923679100930.27
413,1017653.6369124389,25698331357559.766
414,1012045.3855301245,25489115823568.6
415,1006468.0410128034,25270403251638.25
416,1000921.4330338923,25039457151247.652
417,995405.3922054705,24810186724783.266
418,989919.7500731068,24583019597576.953
419,984464.3391107165,24357510423252.004
420,979038.9927154455,24129602714109.457
421,973643.5452025807,23899118922233.547
422,968277.8318004926,23669168292333.598
423,962941.6886456016,23440163903224.883
424,957634.9527773738,23210179319900.926
425,952357.4621333457,22981365786190.516
426,947109.0555441723,22753352804550.574
427,941889.5727287086,22518995480911.574
428,936698.8542891117,22284454221975.324
429,931536.7417059756,22051961340644.23
430,926403.0773334882,21820661052126.28
431,921297.7043946172,21590203997783.465
432,916220.4669763233,21356176622431.277
433,911171.2100247975,21122724047541.477
434,906149.7793407275,20890847225897.445
435,901156.0215745877,20658059256006.31
436,896189.7842219551,20424238972911.31
437,891250.915618853,20191279147767.684
438,886339.2649371196,19960098650825.9
439,881454.6821798024,19729785400490.95
440,876597.0181765751,19497764246129.312
441,871766.124579184,19264240278039.832
442,866961.8538569172,19034295011914.055
443,862184.059292099,18806263306419.92
444,857432.59497561,18576846904036.316
445,852707.3158024291,18346599002815.72
446,848008.0774672052,18115938061140.293
447,843334.7364598472,17887100422451.94
448,838687.150061144,17660513784682.004
449,834065.1763384034,17435126256770.951
450,829468.6741411207,17211344772777.395
451,824897.5030966654,16988993783365.898
452,820351.523605995,16765104165246.402
453,815830.5968393927,16542789958933.256
454,811334.5847322268,16322655285812.13
455,806863.3499807352,16103365226527.998
456,802416.7560378315,15884998226687.23
457,797994.667108935,15668994133865.559
458,793596.9481478237,15455045392263.871
459,789223.4648525104,15240875236760.334
460,784874.083661142,15027006676984.34
461,780548.6717479189,14813462136793.893
462,776247.0970190399,14600756467749.36
463,771969.2281086677,14390431444236.26
464,767714.9343749167,14182361482813.57
465,763484.0858958656,13974985667733.596
466,759276.5534655858,13768466825903.412
467,755092.2085901996,13565459505900.42
468,750930.9234839532,13364806264905.055
469,746792.5710653154,13163715441814.396
470,742677.0249530971,12962378463535.4
471,738584.1594625912,12761097169221.184
472,734513.8496017336,12564276275046.844
473,730465.971067288,12370045379038.193
474,726440.4002410475,12175002119085.52
475,722437.014186061,11981505961513.188
476,718455.6906428788,11789856172865.56
477,714496.3080258176,11601296410953.658
478,710558.7454192493,11415655079965.22
479,706642.8825739063,11231817422476.611
480,702748.5999032106,11050594607781.861
481,698875.7784796223,10871866258307.75
482,695024.3000310054,10693802587084.111
483,691194.0469370179,10517581739952.635
484,687384.9022255192,10342091025141.957
485,683596.7495689976,10169469862960.47
486,679829.4732810179,9999688261596.166
487,676082.958312689,9830701054253.078
488,672357.0902491496,9664088674377.918
489,668651.7553060746,9499886186142.43
490,664966.8403261999,9338024689538.766
491,661302.2327758665,9178346529597.982
492,657657.8207415858,9019512445034.164
493,654033.4929266185,8863076554473.951
494,650429.1386475785,8709304544146.454
495,646844.6478310513,8556914676793.8125
496,643279.9110102326,8405841951015.386
497,639734.8193215866,8257025601668.306
498,636209.2645015195,8110493205302.137
499,632703.1388830746,7964950979831.525
500,629216.3353926437,7822912915173.134
501,625748.7475466968,7684425139518.641
502,622300.2694485317,7548432057598.364
503,618870.7957850381,7414219636997.985
504,615460.2218234827,7279300646521.245
505,612068.44340831,7147844361925.658
506,608695.3569579626,7019769654346.244
507,605340.8594617166,6891242173416.534
508,602004.8484765368,6764896537412.633
509,598687.2221239478,6642144338649.475
510,595387.8790869222,6520475450817.035
511,592106.7186067869,6399910261814.126
512,588843.6404801467,6282997781675.365
513,585598.5450558237,6168146444941.649
514,582371.3332318133,6052902693378.154
515,579161.9064522587,5941217317328.34
516,575970.1667044407,5832980249857.987
517,572796.0165157841,5724523963816.91
518,569639.3589508826,5618236812863.747
519,566500.0976085362,5515662980676.845
520,563378.1366188091,5413711181031.866
521,560273.3806401005,5312381499233.526
522,557185.7348562338,5214850354949.232
523,554115.1049735611,5119641721849.178
524,551061.3972180835,5025211832777.633
525,548024.5183325863,4932333471726.574
526,545004.3755737925,4841040256179.636
527,542000.8767095297,4751533154851.372
528,539013.9300159132,4663965902718.696
529,536043.444274546,4577978360433.512
530,533089.3287697318,4493449941458.361
531,530151.4932857051,4410479294654.112
532,527229.8481038761,4330278888764.9097
533,524324.3040000909,4251837404505.6855
534,521434.77224190696,4173714306950.022
535,518561.1645858824,4097876359194.5073
536,515703.3932748819,4024241477418.94
537,512861.3710353966,3950347694555.7305
538,510035.0110748779,3877956652188.5464
539,507224.227079089,3808216263548.312
540,504428.9332094669,3739409852070.6523
541,501649.04410050175,3671473129727.372
542,498884.47485713,3605896589311.1562
543,496135.14105214126,3542232441370.85
544,493400.9587236008,3480131013103.481
545,490681.84437228524,3418869683299.903
546,487977.71495913144,3358340958261.56
547,485288.4879027023,3298644906828.687
548,482614.08107666345,3240675306201.7827
549,479954.4128072756,3185194982602.4277
550,477309.4018709011,3130712480404.0737
551,474678.9674915224,3077072868039.706
552,472063.0293382749,3024029388237.0737
553,469461.5075229955,2972063300846.712
554,466874.3225977807,2921069588946.1055
555,464301.3955525629,2871646120343.693
556,461742.6478126945,2823724095115.175
557,459198.0012365509,2776359374932.314
558,456667.3781131427,2730002403149.8096
559,454150.70115974266,2684590095463.746
560,451647.89351952606,2640690319306.494
561,449158.87875922356,2598198077365.209
562,446683.58086678636,2555751936614.28
563,444221.92424906505,2513815982127.057
564,441773.8337295018,2471881328826.762
565,439339.2345458332,2431823042510.122
566,436918.0523478092,2393564139741.092
567,434510.21319491987,2355670221996.871
568,432115.6435541394,2318501327432.9204
569,429734.27029767947,2281842079422.578
570,427366.02070075634,2245771558434.2905
571,425010.82243937015,2210280947052.427
572,422668.6035880956,2175571188466.7473
573,420339.2926178858,2141626002328.7751
574,418022.81839388754,2108077921430.3804
575,415719.1101732696,2075778503493.946
576,413428.09760306193,2044596276851.8994
577,411149.7107180066,2012735991049.1501
578,408883.8799384216,1981483122775.737
579,406630.53606807656,1951631748166.2598
580,404389.61029207846,1922136590612.8171
581,402161.03417477064,1892964719803.1504
582,399944.73965764313,1864628604735.6252
583,397740.65905725356,1836865274930.7622
584,395548.7250631606,1809033155012.6724
585,393368.87073586823,1782134083076.5334
586,391201.0295047812,1756097977211.413
587,389045.13516617345,1729632185123.7407
588,386901.1218811638,1703619418409.747
589,384768.9241737075,1678442321243.4995
590,382648.4769285956,1653472701974.9702
591,380539.7153894666,1628689132244.6685
592,378442.5751568293,1604346267355.9639
593,376356.99218609533,1580401395273.3823
594,374282.9027856237,1556356690477.23
595,372220.2436147754,1533242232190.8845
596,370168.9516819801,1511013779420.1345
597,368128.9643428112,1488820172599.5703
598,366100.21929807315,1466853436652.0295
599,364082.65459189913,1444653896803.6985
600,362076.20860985847,1422919618637.412
601,360080.82007707586,1401650431045.7585
602,358096.42805635894,1380387274554.4941
603,356122.9719463388,1359635722712.4863
604,354160.39147961757,1339628068913.7524
605,352208.62672092905,1319920567944.3018
606,350267.6180653084,1300461262110.884
607,348337.30623627093,1280947854319.7402
608,346417.632284003,1261732272851.8242
609,344508.53758356103,1242761206201.628
610,342609.9638330812,1224353623435.62
611,340721.8530519991,1206456965467.7646
612,338844.14757927903,1188459044139.2725
613,336976.7900716535,1170834984849.7253
614,335119.7235018712,1153754347138.263
615,333272.89115695615,1137104056323.9158
616,331436.2366364752,1120846281589.0703
617,329609.703850816,1104690327010.866
618,327793.23701947415,1088790210022.9171
619,325986.78066934936,1072920352540.8416
620,324190.2796330517,1057584503580.9888
621,322403.6790472164,1042765743957.107
622,320626.924350829,1027879036920.9095
623,318859.96128355816,1013394180630.08
624,317102.7358841001,999591247155.7164
625,315355.19448852906,986071560075.9343
626,313617.28372865944,972772824907.0614
627,311888.95053041587,959357554629.2195
628,310170.14211221173,946329858019.1027
629,308460.80598333856,934060989649.6431
630,306760.8899423615,922018946746.3844
631,305070.3420755263,910175677189.0773
632,303389.11075517326,898660542500.2037
633,301717.1446381607,887540270958.0281
634,300054.39266429766,876884721634.5126
635,298400.8040547833,866279353527.925
636,296756.32831065723,855711253645.9115
637,295120.91521125694,845650562362.257
638,293494.51481268404,835995978507.2527
639,291877.0774462789,826727312968.9949
640,290268.5537171046,817686085841.921
641,288668.89450243744,808845310474.6853
642,287078.0509502673,800115652213.9717
643,285495.9744778057,791730179201.4385
644,283922.616770002,783938182076.0406
645,282357.9297780683,776364826134.7437
646,280801.8657180117,768964615135.676
647,279254.3770691746,761509938348.5178
648,277715.4165727848,754332277223.1724
649,276184.93723051064,747776953623.5345
650,274662.89230302727,741207687513.3259
651,273149.23530858796,734604763918.2119
652,271643.9200216054,728523205510.422
653,270146.90047123976,722766219805.0988
654,268658.1309399947,717297077211.0222
655,267177.56596232124,711811505704.9375
656,265705.16032322985,706327458951.0033
657,264240.8690569086,701422794145.2677
658,262784.64744535054,696695550054.0088
659,261336.45101698823,691791642319.9432
660,259896.23554533496,687213781675.2637
661,258463.95704763534,682986297111.2205
662,257039.5717835204,678804249940.0323
663,255623.03625367334,674785283295.8215
664,254214.30719850012,671045080831.4777
665,252813.34159680884,667443892432.7135
666,251420.09666449603,663970611448.5321
667,250034.5298532394,660571965382.2819
668,248656.59884919925,657316615139.9872
669,247286.26157172554,654297846860.4888
670,245923.47617207325,651373397606.8815
671,244568.20103212466,648532265322.4125
672,243220.39476311734,645848879517.6868
673,241880.01620438104,643290117798.686
674,240547.02442208046,640835087982.2755
675,239221.37870796505,638460540150.9723
676,237903.0385781259,636167329429.8794
677,236591.96377175982,634024195613.0671
678,235288.11424993895,632014014307.9543
679,233991.45019438854,630181375720.7177
680,232701.93200627097,628509952976.942
681,231419.52030497623,626982407035.8104
682,230144.1759269197,625194376396.5891
683,228875.85992434554,623475279523.0643
684,227614.5335641374,622135732209.0061
685,226360.15832663618,620910446389.6594
686,225112.69590446266,619771128549.7601
687,223872.10820134857,618684750029.842
688,222638.35733097262,617681928693.3208
689,221411.40561580352,616827009989.0513
690,220191.21558594969,615994619439.8824
691,218977.74997801415,615174956823.314
692,217770.97173395817,614425644441.0299
693,216570.84399996756,613774852087.1077
694,215377.3301253284,613281896035.6083
695,214190.39366130772,612834433695.7379
696,213009.9983600398,612431583724.3903
697,211836.10817341975,612172115537.1693
698,210668.68725200262,611958880288.2377
699,209507.69994390814,611676779961.8842
700,208353.1107937323,611528224517.461
701,207204.88454146462,611538327526.0807
702,206062.9861214109,611654983006.0883
703,204927.38066112326,611854471588.5961
704,203798.03348033407,612144037550.3776
705,202674.91008989754,612553517126.5187
706,201557.97619073628,613099248962.7892
707,200447.19767279376,613810658402.3412
708,199342.54061399293,614699497186.2404
709,198243.97127919993,615978492261.7822
710,197151.4561191938,617487314094.8599
711,196064.9617696423,619269211303.0424
712,194984.45505008276,622011578539.2471
713,193909.90296290859,625774379888.178
714,192841.27269236217,631786068102.3694
715,191778.53160353194,642659455796.0088
716,190721.6472413564,658484755030.2755
717,189670.58732963243,672605664412.5093
718,188625.31977003,679200681872.4761
719,187585.81264111193,663229577462.7152
720,186552.03419735865,652516922704.4143
721,185523.9528681991,648301817635.8746
722,184501.53725704638,649583930708.7349
723,183484.75614033898,653531749121.3037
724,182473.57846658755,660868468148.7146
725,181467.97335542607,672637073236.3065
726,180467.9100966692,688876261069.7263
727,179473.35814937414,712224458647.9218
728,178484.28714090819,734408564013.4286
729,177500.66686602126,741208526828.6208
730,176522.46728592296,757156877444.3677
731,175549.65852736591,786810660682.3157
732,174582.21088173264,841599083188.776
733,173620.09480412918,889912323886.1768
734,172663.2809124821,886747574169.1183
735,171711.73998664174,885439072429.1472
736,170765.4429674894,888434343349.5038
737,169824.36095605014,879967606773.3049
738,168888.4652126102,865951121053.0374
739,167957.72715583927,844304232730.1785
740,167032.11836191785,837303441623.0383
741,166111.61056366898,849310608677.4496
742,165196.17564969498,907403784289.1975
743,164285.78566351905,939070245293.1002
744,163380.41280273156,820433770534.2029
745,162480.029418141,730560241290.821
746,161584.60801292936,679465840011.7307
747,160694.12124181262,652094751664.1505
748,159808.5419102057,634790116966.2578
749,158927.84297339173,623038835956.348
750,158051.99753569628,610833989957.8435
751,157180.9788496662,598134605158.8896
752,156314.7603152523,588268407059.6569
753,155453.31547899736,580000894035.4241
754,154596.61803322824,573493949308.7535
755,153744.6418152523,567991323913.9512
756,152897.36080655866,563327332691.1284
757,152054.7491320234,559510798291.6934
758,151216.7810591194,556150782503.7273
759,150383.43099713066,553381483461.8306
760,149554.67349637055,551319327731.7286
761,148730.4832474049,549919648480.2112
762,147910.8350802786,549516080040.1163
763,147095.7039637476,549943109486.8768
764,146285.06500451366,552323921159.9952
765,145478.8934464649,557543085483.6198
766,144677.1646699195,565724085717.8486
767,143879.8541908736,582764591553.9594
768,143086.93766025375,603876585462.5452
769,142298.39086317355,626464416016.9521
770,141514.18971819372,632259368615.0769
771,140734.310276587,618128635206.5974
772,139958.7287216068,610315452799.7211
773,139187.42136775953,608443157311.9923
774,138420.3646600815,621390541269.3097
775,137657.5351734197,644979637795.939
776,136898.90961171602,681089655542.6572
777,136144.4648072964,720884400856.1118
778,135394.17772016267,756598222685.7983
779,134648.0254372894,769151188990.0924
780,133905.98517192394,761097919065.4484
781,133168.03426289046,737600861066.8226
782,132434.15017389826,721602554721.1145
783,131704.31049285328,714701282281.191
784,130978.49293117344,730870179181.0645
785,130256.67532310847,766208456653.1984
786,129538.83562506246,824232704186.4358
787,128824.95191492123,912560462775.681
788,128115.00239138246,1022957612732.9554
789,127408.96537328982,1157935695239.6445
790,126706.81929897124,1243810339034.3184
791,126008.54272558018,1273761780703.838
792,125314.11432844066,1206031498933.5076
793,124623.51290039654,1111245914515.1296
794,123936.71735116316,1008126895356.9545
795,123253.70670668388,941048174082.4949
796,122574.4601084892,908956587504.7194
797,121898.95681305985,917647411860.0996
798,121227.1761911935,938680034119.3326
799,120559.09772737438,967979422303.7443
800,119894.70101914706,973035099976.6508
801,119233.96577649326,947182523567.5356
802,118576.87182121216,899791016912.5111
803,117923.39908630449,854032830478.4435
804,117273.52761535921,835084084640.2849
805,116627.23756194455,850707428700.0029
806,115984.50918900144,917224125200.3298
807,115345.32286824122,1055936912592.4739
808,114709.6590795458,1251549515498.938
809,114077.49841037196,1546393783163.2844
810,113448.82155515815,1840579815047.8066
811,112823.60931473506,2104923286555.4736
812,112201.84259573933,1859698813051.4124
813,111583.50241003031,1443533688035.124
814,110968.56987411046,985190831488.6746
815,110357.02620854841,742234700955.7546
816,109748.85273740545,613484274118.622
817,109144.03088766545,529573129734.94635
818,108542.54218866727,469647146569.8327
819,107944.36827154111,431347680200.8784
820,107349.49086864722,401292228787.0023
821,106757.89181301813,377992165536.10895
822,106169.5530378039,358737125732.5171
823,105584.45657572016,342342813106.0453
824,105002.58455849996,329952962557.08575
825,104423.91921634726,319390069493.69745
826,103848.44287739499,310641350255.7951
827,103276.137967165,304293490122.9569
828,102706.98700803141,298818092127.9269
829,102140.97261868684,294188942455.2244
830,101578.07751361185,290554458298.5145
831,101018.28450254672,287636938609.4666
832,100461.57648996657,285151533588.9016
833,99907.9364745593,283808084414.78906
834,99357.34754870666,281987033701.3488
835,98809.79289796732,281051347048.3691
836,98265.255800564,280156650196.1598
837,97723.71962687217,279824992970.28674
838,97185.16783891294,280412140477.2271
839,96649.58398984747,281602549797.714
840,96116.95172347459,282519228723.78284
841,95587.25477373194,284367172550.7176
842,95060.47696419843,287139017563.9879
843,94536.60220760095,290415142596.60333
844,94015.61450532274,294707166883.5019
845,93497.49794691447,299989101485.6939
846,92982.2367096092,306293521924.1252
847,92469.81505783816,314206271998.2318
848,91960.21734275116,323363193764.2848
849,91453.42800173808,335233574129.021
850,90949.43155795358,349213067068.0228
851,90448.21261984496,366736063335.18945
852,89949.75588068149,389838063963.08057
853,89454.0461180875,418248893421.2809
854,88961.06819357726,456184051794.1291
855,88470.80705209241,505976872384.50494
856,87983.24772154282,570553278801.726
857,87498.37531234865,655957267014.5061
858,87016.1750169862,752998543423.9031
859,86536.63210953555,841502795838.4213
860,86059.73194523044,882916650019.1964
861,85585.45996001178,869166779538.652
862,85113.80167008209,818342225229.4285
863,84644.74267146386,766397834971.1016
864,84178.26863955928,734539610766.4764
865,83714.3653287127,719005775176.5131
866,83253.01857177609,718614521137.1017
867,82794.21427967557,731413082812.8486
868,82337.93844098209,753211251173.4497
869,81884.17712148285,792578450367.3358
870,81432.91646375593,850305272705.6818
871,80984.14268674728,929860883781.8485
872,80537.84208534958,1038561539941.5896
873,80094.00102998404,1169589254503.906
874,79652.60596618372,1321973330052.9028
875,79213.64341418007,1470099602399.0486
876,78777.09996849102,1602749830966.7378
877,78342.96229751142,1671251099860.0828
878,77911.21714310635,1707941888682.4514
879,77481.85132020575,1713867272377.7925
880,77054.85171640215,1727351556127.9294
881,76630.20529155008,1749902585444.164
882,76207.89907736768,1732291597009.1204
883,75787.920177041,1672260356357.2268
884,75370.25576482971,1524692837499.2559
885,74954.89308567588,1361789544484.2297
886,74541.81945481422,1195074940192.717
887,74131.02225738454,1059106751609.0576
888,73722.48894804687,946266427103.4836
889,73316.2070505979,858116344911.7715
890,72912.16415759047,784535519662.575
891,72510.34792995433,722824723061.5721
892,72110.74609661923,671223741498.4097
893,71713.34645414057,632830738207.5167
894,71318.13686632625,589617385588.1893
895,70925.10526386646,557841084323.9321
896,70534.23964396487,532047306468.2336
897,70145.52806997197,512347494984.3733
898,69758.95867102091,496217990356.0081
899,69374.51964166449,486272864013.65436
900,68992.1992415151,479907394768.1773
901,68611.98579488599,477384335956.9176
902,68233.86769043442,478022412390.7368
903,67857.83338080764,479921601065.8438
904,67483.87138228965,482114870270.69635
905,67111.97027445106,481580166110.2172
906,66742.1186997999,481635426560.239
907,66374.30536343483,471211609092.91064
908,66008.5190327005,463347254947.0635
909,65644.74853684405,456804429392.3196
910,65282.98276667454,455689176551.29553
911,64923.210674223024,460599671277.4536
912,64565.42127240574,479628112752.3944
913,64209.60363468836,510929365252.1848
914,63855.74689475205,567199678370.9911
915,63503.84024616212,658210088622.9698
916,63153.87294203747,796627835150.109
917,62805.8342947229,980568265505.9615
918,62459.713675462444,1155694831769.702
919,62115.50051407461,1172633568814.244
920,61773.1842986301,1048313571539.2413
921,61432.75457513014,827666273366.9509
922,61094.200947187805,658334260378.3657
923,60757.51307571021,536048113541.4093
924,60422.680678582714,456387213745.02673
925,60089.69353035524,406977901435.30426
926,59758.5414619295,373312381092.04065
927,59429.21436024895,351194994355.3097
928,59101.702167989766,335889166325.67596
929,58775.99488325343,327734232203.6455
930,58452.08255926172,324787972557.4253
931,58129.95530405258,326155615176.6262
932,57809.60328017833,334103906566.23627
933,57491.01670440509,343576211100.50836
934,57174.18584741387,351447162150.68365
935,56859.10103350379,347541800134.4536
936,56545.75264029622,333788096095.07294
937,56234.1310984412,315507063854.2811
938,55924.22689132517,298983860287.65485
939,55616.030554780096,288691053483.4413
940,55309.53267679478,282359052294.93695
941,55004.72389722714,277661624905.6603
942,54701.59490751858,274745155878.2401
943,54400.13645040967,273750023227.97653
944,54100.3393196572,276664348027.0047
945,53802.194359753456,281297993206.0152
946,53505.69246564618,286165602143.3144
947,53210.82458246086,291383701637.0536
948,52917.58170522408,297731945556.1014
949,52625.954878588316,299817305459.86993
950,52335.93519655885,294108058248.41064
951,52047.5138022214,285389897035.6783
952,51760.68188747195,279418594253.5934
953,51475.43069274744,273783364851.82773
954,51191.751506758614,273115449263.96796
955,50909.635666223796,269906002106.90558
956,50629.07455560414,268783832928.04294
957,50350.05960684097,269297020583.22968
958,50072.58229909366,270493589803.7233
959,49796.634158479705,269661167875.88507
960,49522.206757815955,268151344416.84955
961,49249.29171636091,270097943753.78305
962,48977.88069955926,271678956030.4539
963,48707.96541878695,272839035186.8933
964,48439.537631098334,275820125201.3099
965,48172.589138974334,276108452168.83154
966,47907.111790071955,276494511816.20245
967,47643.09747697568,277098625003.1219
968,47380.538136949435,277457535670.36224
969,47119.42575169073,275787018727.8097
970,46859.75234708565,278428396179.00714
971,46601.509992965206,280415477233.1789
972,46344.69080286342,281829032092.096
973,46089.28693377617,283414964439.81757
974,45835.29058592199,282088794653.835
975,45582.6940025037,286439898730.3245
976,45331.4894694714,288899198068.9704
977,45081.66931528724,292031668711.9274
978,44833.22591069072,293052308886.9629
979,44586.15166846607,297011869934.9059
980,44340.43904321038,303738290027.6615
981,44096.080531103034,309417793890.79
982,43853.06866967685,318969318867.46735
983,43611.396037589904,324447948759.4696
984,43371.05525439908,331984200710.3082
985,43132.03898033465,329949973444.88257
986,42894.33991607595,342742641719.717
987,42657.95080252877,358426259759.1779
988,42422.864420603306,365035748349.79297
989,42189.0735909941,367194056997.2356
990,41956.57117396038,369743374514.963
991,41725.35006910834,373898224543.4298
992,41495.40321517421,380589310822.6383
993,41266.72358980846,381797139841.9535
994,41039.30420936158,385439427139.4863
995,40813.138128670595,388704486869.26245
996,40588.21844084714,394186904039.53546
997,40364.53827706647,397837410862.7716
998,40142.09080635757,400769265387.2222
999,39920.8692353948,404629158094.72375
1000,39700.86680829012,410927474031.814
1001,39482.07680638707,412753711993.3968
1002,39264.49254805545,416926584073.70844
1003,39048.10738848716,421190926268.6662
1004,38832.91471949355,421619570432.3134
1005,38618.90796930327,427777159895.3769
1006,38406.08060236193,430740951588.5085
1007,38194.42611913227,433585936545.86017
1008,37983.938055895684,435673427211.9841
1009,37774.60998455499,440338880795.5697
1010,37566.43551243788,439360414250.3521
1011,37359.40828210192,440087933609.69183
1012,37153.52197114032,442444069322.4558
1013,36948.77029198874,448411753621.24176
1014,36745.14699173348,455042627324.3585
1015,36542.64585192034,458274777507.43756
1016,36341.2606883648,461003476276.5697
1017,36140.98535096322,464191788337.961
1018,35941.81372350485,466490090301.8355
1019,35743.739723485254,470306328680.90344
1020,35546.75730192033,476922554538.09595
1021,35350.860443161815,477861806818.87384
1022,35156.04316471344,479564155895.2542
1023,34962.299517048166,486764764877.0884
1024,34769.623583426706,494106981018.057
1025,34578.009479716566,499886703730.5139
1026,34387.45135421262,507719536965.7356
1027,34197.943387458145,510555653415.9042
1028,34009.47979206733,524111775300.8926
1029,33822.05481254842,563992143770.9971
1030,33635.66272512786,560970862562.306
1031,33450.297837575774,608540011905.1451
1032,33265.954489031734,739425988217.9764
1033,33082.62704983229,911385528934.1815
1034,32900.30992133882,848530664425.6019
1035,32718.997535766484,719804535050.0767
1036,32538.684356014444,619604876808.2948
1037,32359.364875496496,578226148645.0521
1038,32181.03361797309,563439659107.1782
1039,32003.685137384076,555173951583.6384
1040,31827.3140176822,552679395861.2996
1041,31651.914872668014,548443148704.1882
1042,31477.482345825054,548237842799.8197
1043,31304.01111015651,549722952126.041
1044,31131.49586802248,548621432909.4503
1045,30959.931350978048,554009882926.1959
1046,30789.31231961264,557770065748.0452
1047,30619.633563389747,561313155514.9595
1048,30450.88990048801,561789115883.0614
1049,30283.076177642928,562398482112.5444
1050,30116.187269989325,570251092136.0892
1051,29950.218080905102,573513005261.0161
1052,29785.16354185535,570606705066.7827
1053,29621.018612237734,576039559534.2906
1054,29457.778279228503,581331783909.1345
1055,29295.43755762929,582396986348.3762
1056,29133.991489715103,590094486742.2614
1057,28973.435145082665,590817385603.1829
1058,28813.76362050007,593021114553.2445
1059,28654.972039756904,588251692487.6757
1060,28497.055553515325,595203563526.6119
1061,28340.0093391621,603586898220.78
1062,28183.828600661123,599394190418.916
1063,28028.508568407186,597469717296.7119
1064,27874.04449908009,604989409877.9681
1065,27720.43167549998,607542099385.3754
1066,27567.665406483193,610645710067.5344
1067,27415.741026698928,613339830953.5784
1068,27264.65389652697,613216531511.4186
1069,27114.399401915747,615542883653.9438
1070,26964.97295424165,618337273100.6252
1071,26816.3699901688,623139159689.5831
1072,26668.585971509627,617326985992.956
1073,26521.616385086425,616017783095.028
1074,26375.456742593342,621377722976.8877
1075,26230.102580459512,624461186639.5659
1076,26085.549459712624,633387861395.9938
1077,25941.79296584331,630004450439.2043
1078,25798.828708670488,619061743146.3264
1079,25656.652322207105,617145617086.3226
1080,25515.259464527,610180840705.9016
1081,25374.645817632165,611154252712.7191
1082,25234.807087320878,595129953450.3326
1083,25095.739003056682,595854164555.7181
1084,24957.43731783779,586822736809.5017
1085,24819.89780806757,603483951574.032
1086,24683.116273425472,636935093544.1716
1087,24547.088536738665,635473578242.1849
1088,24411.810443854683,638101611652.4963
1089,24277.277863514337,655468797229.1079
1090,24143.48668722571,644778333297.8535
1091,24010.432829138656,676633658002.9078
1092,23878.1122259199,658935325929.5454
1093,23746.52083662917,686280551981.3245
1094,23615.654642595542,690292574957.4784
1095,23485.509647294926,699123273750.4601
1096,23356.081876227927,732978601150.2767
1097,23227.367376798393,726364687903.0992
1098,23099.362218192877,781033523898.9694
1099,22972.062491260407,753266488683.1119
1100,22845.464308393293,842962424594.6785
1101,22719.563803408204,853837047167.0712
1102,22594.35713142828,857857868457.149
1103,22469.84046876564,877773658943.1831
1104,22346.010012804512,873943028261.9409
1105,22222.86198188532,874692284308.1045
1106,22100.392615188957,886850744672.3812
1107,21978.598172622136,890789134923.086
1108,21857.474934703074,900271872826.7623
1109,21737.019202447857,902467721566.3668
1110,21617.22729725761,900940573069.0212
1111,21498.095560805996,911204733605.913
1112,21379.62035492766,920498869789.9862
1113,21261.79806150702,919231297996.921
1114,21144.625082367736,915800321560.6234
1115,21028.09783916296,926856955179.2299
1116,20912.21277326593,916678654773.4137
1117,20796.96634566137,925578103886.9728
1118,20682.35503683741,925986887125.5499
1119,20568.375346677993,920942342543.3656
1120,20455.023794356173,928130376089.0758
1121,20342.296918227625,920277035692.6788
1122,20230.19127572508,927958607777.8887
1123,20118.703443253118,936053434964.9338
1124,20007.830016083586,929918254490.7114
1125,19897.567608251728,936251299341.6816
1126,19787.91285245263,937163039008.1382
1127,19678.862399938545,942968434161.0177
1128,19570.41292041654,954097349013.9397
1129,19462.561101946743,957164819665.7645
1130,19355.303650841335,965893776945.8119
1131,19248.637291563828,983624838532.47
1132,19142.55876662913,988253101864.212
1133,19037.064836504036,996359761732.4834
1134,18932.15227950824,984871305300.7782
1135,18827.81789171607,995514748829.0615
1136,18724.05848685847,991401594686.0104
1137,18620.87089622589,1014350266066.129
1138,18518.251968571385,1028094275506.2712
1139,18416.19857001438,1029228481176.4475
1140,18314.707583945077,1028534662693.8346
1141,18213.7759109291,1039408414374.5797
1142,18113.400468613036,1027460859391.4817
1143,18013.578191630135,1043105086758.199
1144,17914.306031506803,1056704245359.9435
1145,17815.580956569498,1053018726945.9459
1146,17717.399951852047,1064392079768.3152
1147,17619.760019003712,1079347332036.4402
1148,17522.658176197492,1088775881345.853
1149,17426.091458039187,1106755125549.9102
1150,17330.05691547675,1105158235768.8213
1151,17234.55161571021,1124603888656.2698
1152,17139.572642102223,1141194360690.3103
1153,17045.11709408885,1145134690346.2764
1154,16951.182087091103,1149843285114.282
1155,16857.7647524268,1138934304704.1008
1156,16764.862237222915,1138164655183.104
1157,16672.471704328567,1144084958193.2737
1158,16580.59033222822,1147902068773.2476
1159,16489.21531495569,1133054454936.164
1160,16398.343862008347,1149862013017.32
1161,16307.97319826187,1139111052248.1829
1162,16218.100563885615,1119651936499.2961
1163,16128.72321425819,1134691729657.2656
1164,16039.838419883767,1110331520982.5312
1165,15951.443466308656,1108211173337.6135
1166,15863.53565403839,1091813999671.5317
1167,15776.112298455364,1070511691936.6104
1168,15689.170729736745,1095722536455.5458
1169,15602.708292773035,1078695511400.3118
1170,15516.722347086954,1102877249992.96
1171,15431.210266752747,1071231377595.5844
1172,15346.169440316091,1071390160087.1627
1173,15261.59727071424,1050545343152.6562
1174,15177.491175196797,1042048625986.6989
1175,15093.84858524683,1025662778589.9801
1176,15010.666946502335,1007267456893.2853
1177,14927.943718678378,1004291745978.8054
1178,14845.676375489382,987827207418.8612
1179,14763.86240457209,990471115891.7925
1180,14682.499307408723,966310519314.3049
1181,14601.584599250798,957966091980.1572
1182,14521.115809043176,972651821261.9219
1183,14441.090479348577,951101790200.1108
1184,14361.506166272608,959808377809.2578
1185,14282.36043938905,938565078065.5737
1186,14203.650881665702,945592614043.593
1187,14125.37508939055,929135623977.6698
1188,14047.530672098284,926706209482.4297
1189,13970.11525249744,928201545452.3982
1190,13893.126466397654,947599903068.9233
1191,13816.561962637557,939852952029.9594
1192,13740.419403012958,939824519568.078
1193,13664.696462205373,931627018258.6676
1194,13589.390827711122,925838880259.1783
1195,13514.500199770593,934193920210.8436
1196,13440.022291298097,928746807079.4604
1197,13365.954827811996,924041237909.4697
1198,13292.295547365191,945397035181.9751
1199,13219.042200476151,955740671805.3263
1200,13146.192550060086,930246635980.8237
1201,13073.74437136075,945725155925.2112
1202,13001.695451882444,944066877285.7288
1203,12930.043591322406,931688971649.2134
1204,12858.786601503716,925973262083.2693
1205,12787.922306308368,922064792169.2667
1206,12717.448541610895,921199389477.6337
1207,12647.36315521224,923765759476.7659
1208,12577.66400677401,919119400730.0293
1209,12508.348967753178,917269791254.9121
1210,12439.415921336988,921459836661.6931
1211,12370.862762378409,910057903462.9927
1212,12302.687397331783,907116530656.5458
1213,12234.887744188876,911890908095.1025
1214,12167.461732415371,905530939844.7892
1215,12100.407302887537,903558307257.5118
1216,12033.722407829448,899351855212.3625
1217,11967.40501075035,891256388091.5266
1218,11901.453086382546,885172628364.402
1219,11835.864620619514,886796982890.5134
1220,11770.637610454365,880410396110.7612
1221,11705.77006391875,891840559701.9037
1222,11641.260000021943,873631226693.1533
1223,11577.105448690412,870248022145.8187
1224,11513.304450707634,870623035853.402
1225,11449.855057654213,868238276033.1387
1226,11386.755331848473,852276942595.5073
1227,11324.003346287178,854611592408.8529
1228,11261.597184586773,845723145878.523
1229,11199.534940924827,852908714937.0536
1230,11137.814719981778,834857078778.2573
1231,11076.434636883154,851060900553.1964
1232,11015.392817141914,849216322743.5258
1233,10954.68739660127,835155994518.3398
1234,10894.316521377741,838172890772.9635
1235,10834.27834780449,843696335831.7802
1236,10774.571042375106,840282317865.8835
1237,10715.19278168752,845056407315.2574
1238,10656.141752388396,833824618816.2322
1239,10597.41615111772,826821091227.2133
1240,10539.014184453701,829964084353.3455
1241,10480.934068858069,821734237826.7155
1242,10423.174030621509,834500803979.0564
1243,10365.732305809617,822150720743.5358
1244,10308.607140208935,830027434338.6487
1245,10251.796789273394,827041137569.8975
1246,10195.299518071093,833493129778.741
1247,10139.113601231234,828702209215.903
1248,10083.2373228915,814393638204.5245
1249,10027.668976645638,807151434147.382
1250,9972.406865491299,814520501053.233
1251,9917.449301778286,805409309702.7067
1252,9862.794607156948,792244004723.3253
1253,9808.441112526998,789115302639.1035
1254,9754.387157986446,777106810833.5387
1255,9700.631092781006,793592497032.9026
1256,9647.17127525363,784769829504.5125
1257,9594.006072794344,796630912480.7911
1258,9541.133861790484,773743655420.6349
1259,9488.553027576998,771306563490.4663
1260,9436.261964387231,760261197826.378
1261,9384.259075303851,749650803806.5892
1262,9332.542772210043,759800955839.4375
1263,9281.111475741087,752686641846.0262
1264,9229.96361523604,732390097864.9562
1265,9179.09762868985,756901614244.5702
1266,9128.51196270561,746522634577.3898
1267,9078.205072447103,760541618888.2454
1268,9028.175421591672,731524299719.5471
1269,8978.421482283258,724164401722.9979
1270,8928.941735085777,727721300008.1707
1271,8879.734668936697,714525734120.3821
1272,8830.798781100879,706213038562.6567
1273,8782.132577124732,718409245899.7656
1274,8733.734570790502,701454188009.8181
1275,8685.603284070967,676773619803.9028
1276,8637.737247084238,672848869084.5177
1277,8590.134998048889,672813459654.6359
1278,8542.795083239325,641452549055.9265
1279,8495.716056941365,636305176753.9666
1280,8448.896481408123,639280171516.3903
1281,8402.334926816082,643477072505.5299
1282,8356.029971221402,646673510321.3966
1283,8309.980200516562,650794551750.1285
1284,8264.184208387098,657019152589.2115
1285,8218.64059626872,642755431596.21
1286,8173.34797330457,650024654717.8765
1287,8128.30495630273,640456553690.3268
1288,8083.510169694034,623598063432.9324
1289,8038.9622454899845,612689010883.8662
1290,7994.659823241067,602461930029.6425
1291,7950.601549995105,590253411039.9336
1292,7906.786080256027,586076705288.4341
1293,7863.2120759427335,590508938622.9408
1294,7819.8782063482195,575197515362.9073
1295,7776.78314809899,580449421614.522
1296,7733.9255851145745,566100141991.7495
1297,7691.304208567401,569997375747.9336
1298,7648.917716842801,565126065141.8259
1299,7606.764815499226,584319961211.3656
1300,7564.844217228779,589799309622.727
1301,7523.1546418178405,581173534751.5006
1302,7481.694816108027,568674172956.8015
1303,7440.463473957278,554340113285.532
1304,7399.45935620117,530759739057.12286
1305,7358.681210614523,524693993903.9799
1306,7318.127791873095,514930674400.2526
1307,7277.797861515597,512759291552.9481
1308,7237.690187905854,508597298541.1044
1309,7197.803546195177,486564977978.31903
1310,7158.1367182849945,476675279087.73517
1311,7118.688492789604,473301151976.65906
1312,7079.457664999228,470863756820.9314
1313,7040.4430368432,488438176927.5191
1314,7001.643416853352,476658206148.93176
1315,6963.057620127682,470763021264.1051
1316,6924.6844682941155,462305699719.90607
1317,6886.522789474555,456456699435.7054
1318,6848.571418249088,458159801440.8323
1319,6810.829195620364,450878564193.5931
1320,6773.294968978245,460073771164.9159
1321,6735.9675920645695,447837381375.09753
1322,6698.845924938175,446086980660.4436
1323,6661.928833940073,437783784364.2486
1324,6625.215191658807,436966437303.6238
1325,6588.703876896071,441735411012.2608
1326,6552.393774632419,407289671486.2914
1327,6516.283775993253,439640558618.7883
1328,6480.372778214919,427930529566.456
1329,6444.659684611078,427546534034.2979
1330,6409.143404539182,429085968553.89246
1331,6373.822853367156,420075042635.8329
1332,6338.696952440314,417955309671.5562
1333,6303.764629048382,404313128667.7941
1334,6269.024816392757,398381434720.80365
1335,6234.476453553935,390244550542.5526
1336,6200.118485459073,399195059399.3745
1337,6165.949862849827,390578970997.33344
1338,6131.969542250242,397750007233.63965
1339,6098.176485934953,400624304519.42914
1340,6064.56966189745,402074452121.3714
1341,6031.148043818555,391701700573.16205
1342,5997.910611035128,383591223707.2953
1343,5964.856348508832,383835226647.636
1344,5931.984246795195,376240608537.00726
1345,5899.293302012752,355134542698.7708
1346,5866.782515812373,370279201976.1938
1347,5834.45089534682,382406504362.41846
1348,5802.297453240371,372251852390.6251
1349,5770.321207558717,369983019235.8344
1350,5738.5211817789495,365225709530.7765
1351,5706.896404759725,348772386607.15314
1352,5675.445910711647,345575342832.0763
1353,5644.168739167727,341519091608.6907
1354,5613.063934954087,339715933894.87256
1355,5582.130548160782,331190376145.3574
1356,5551.367634112765,344901204564.91
1357,5520.774253341085,331370847081.7406
1358,5490.349471554139,330828473627.2565
1359,5460.092359609194,317894974884.90564
1360,5430.001993483988,316852541944.90314
1361,5400.077454248492,302378363571.7088
1362,5370.317828036887,316176163032.5331
1363,5340.722206019616,308429636053.1182
1364,5311.2896843756635,310697246346.0045
1365,5282.0193642649365,294968901759.8847
1366,5252.910351800801,297066713099.1464
1367,5223.961758022822,286743385009.6842
1368,5195.17269886957,265071241911.3768
1369,5166.542295151665,256785524059.94327
1370,5138.069672524886,271889927329.54733
1371,5109.753961463509,274669561290.01025
1372,5081.594297233735,277337647953.0055
1373,5053.589819867256,277693061902.55566
1374,5025.73967413505,260416427707.36694
1375,4998.043009521202,261902576450.79562
1376,4970.49898019698,277370136795.6926
1377,4943.106744994973,269239946319.40125
1378,4915.865467383407,259891084188.5556
1379,4888.77431544062,255122087366.08737
1380,4861.832461829618,231979150510.7996
1381,4835.039083772848,250905590558.73773
1382,4808.39336302705,256662046271.60046
1383,4781.894485858262,260757521260.74213
1384,4755.541643016996,247360045362.46982
1385,4729.334029713488,247847281504.9118
1386,4703.270845593158,242985018827.01917
1387,4677.351294712148,234720687782.44058
1388,4651.574585513003,234594866444.9583
1389,4625.9399308005295,239844051243.05685
1390,4600.446547717723,224472695437.58673
1391,4575.093657721884,226411639388.65375
1392,4549.880486560835,221959649980.9265
1393,4524.8062642492605,212326910441.69543
1394,4499.870225045221,217412456293.74292
1395,4475.0716074267375,208232765251.28516
1396,4450.409654068564,202353416291.11407
1397,4425.883611819039,198177471449.8876
1398,4401.492731677088,187588286313.0782
1399,4377.236268769366,179749735923.7765
1400,4353.113482327481,172650694522.5724
1401,4329.123635665398,175860751128.93484
1402,4305.265996156938,145318010768.83783
1403,4281.539835213379,165053755608.82343
1404,4257.944428261242,169041435866.47784
1405,4234.479054720133,162564810944.9468
1406,4211.142997980763,165439337488.54477
1407,4187.93554538303,158425470630.49838
1408,4164.855988194297,156685510522.59232
1409,4141.90362158772,156652691928.69122
1410,4119.077744620717,153402673282.60568
1411,4096.377660213592,137632414930.63574
1412,4073.802675128213,148540902179.8047
1413,4051.3520999468715,146450622277.0219
1414,4029.025249051212,148508998803.1466
1415,4006.8214406012853,145244581413.66415
1416,3984.739996514752,121058679711.42026
1417,3962.780242446144,85191817394.79926
1418,3940.941507766297,84365650225.79323
1419,3919.223125541862,111250821370.99818
1420,3897.62443251492,91258165944.54094
1421,3876.1447690827576,93778545335.50447
1422,3854.7834792776944,99170326483.4487
1423,3833.539910747072,67681612759.22492
1424,3812.413414733327,93262025085.60318
1425,3791.4033460541573,80593651659.6884
1426,3770.5090630828586,83464875861.73683
1427,3749.7299277286884,72676016379.75429
1428,3729.0653054174086,61039216846.89036
1429,3708.5145650719023,74506372640.41039
1430,3688.0770790928773,71220562107.16118
1431,3667.7522233397362,72668208973.99843
1432,3647.539377111481,63571034925.59721
1433,3627.437923127786,61688610779.320724
1434,3607.4472475101315,61594103987.43581
1435,3587.5667397630546,52726311800.37448
1436,3567.79579275552,53702160869.87684
1437,3548.1338027023535,58140938404.137505
1438,3528.5801691458328,55677450644.31821
1439,3509.1342949373357,57354870826.27521
1440,3489.795586219089,54501846219.65106
1441,3470.5634524060683,50803560926.3053
1442,3451.43730616792,52094764672.15486
1443,3432.416563411067,48497786734.86126
1444,3413.500643260831,46270920784.50987
1445,3394.6889680437257,47539648905.37741
1446,3375.9809632698016,43310356889.995575
1447,3357.376057615091,44698129576.9135
1448,3338.8736829041864,50815638798.51587
1449,3320.4732740928575,47702737307.24953
1450,3302.174269250825,48421403037.072586
1451,3283.9761095445847,47890362409.77555
1452,3265.878239220332,45380933138.68952
1453,3247.880105587018,45716424047.25494
1454,3229.981158999437,37319676946.549095
1455,3212.180852841468,38698674530.989204
1456,3194.478643509373,38172763861.31592
1457,3176.873990395181,38123871486.396095
1458,3159.3663558702074,35952821148.3313
1459,3141.9552052686063,36559854141.31654
1460,3124.6400068710623,40600124778.733795
1461,3107.4202318885473,36803384906.53728
1462,3090.2953544461616,32310245666.42718
1463,3073.2648515670917,34206305820.264404
1464,3056.3282031566214,33405669355.007217
1465,3039.4848919862625,34039540145.082264
1466,3022.7344036779573,30850198205.966415
1467,3006.0762266883557,29272127972.020523
1468,2989.5098522932158,30941688435.3571
1469,2973.034774571843,27839603153.24339
1470,2956.6504903916657,27263284586.470493
1471,2940.3564993928535,30437110279.50124
1472,2924.1523039730328,28085992859.31861
1473,2908.03740927211,27221894642.16212
1474,2892.011323157136,23474895694.85024
1475,2876.0735562072955,23556096451.859287
1476,2860.2236216989536,18545934608.746326
1477,2844.4610355907835,17864853189.33757
1478,2828.785316509003,21458961148.54562
1479,2813.195985732651,17234076229.047897
1480,2797.6925671789922,10387974027.764648
1481,2782.274587388954,15378129457.871227
1482,2766.941575512686,17498375216.95715
1483,2751.693063295176,14026544667.904362
1484,2736.5285850619393,16292581482.73226
1485,2721.4476777048153,15384859889.021542
1486,2706.449880667806,19175649695.138905
1487,2691.5347359330267,17781333927.63451
1488,2676.701788006715,19117355409.01062
1489,2661.9505839053077,17508110231.196156
1490,2647.280673141627,17709555443.748875
1491,2632.6916077111064,15647982348.655895
1492,2618.182942078119,11763812599.446114
1493,2603.754233162371,11202435730.832651
1494,2589.40504032536,12912065139.209064
1495,2575.1349253569338,13976423908.814724
1496,2560.9434524618937,11813865829.973454
1497,2546.8301882466967,10561915718.980654
1498,2532.794701706217,9198191567.057873
1499,2518.836564210574,9109060106.4532
1500,2504.9553494920597,11730142321.662035
1501,2491.150633632103,9827207982.271667
1502,2477.4219950483393,11971191151.656536
1503,2463.7690144817284,11921823928.712732
1504,2450.1912749837447,10338698976.504282
1505,2436.688361903658,9791794429.89625
1506,2423.2598628758556,9254486942.96578
1507,2409.9053678072623,9246614527.308695
1508,2396.6244688648108,7505034564.01404
1509,2383.4167604629797,9888021581.676292
1510,2370.281839251424,8026853650.519904
1511,2357.2193041026376,9341523134.03789
1512,2344.2287560997206,7401632955.220059
1513,2331.3097985241884,7341302433.520587
1514,2318.4620368438514,8706491524.462452
1515,2305.6850787007816,8899673157.93115
1516,2292.97853389931,8982981938.175533
1517,2280.3420143941335,8811168075.790804
1518,2267.77513427844,8184013617.043408
1519,2255.277509772144,7379070455.810683
1520,2242.8487592101587,7986033692.413866
1521,2230.4885030307296,7558147813.256633
1522,2218.1963637638655,8612598666.514294
1523,2205.9719660197866,8038576470.12778
1524,2193.8149364774804,7694328838.315092
1525,2181.724903873293,7543352533.97365
1526,2169.701498989581,7693927005.359736
1527,2157.7443546434597,7564607521.527011
1528,2145.8531056755614,7521859165.340123
1529,2134.027388938908,6660804480.703603
1530,2122.266843287811,7483301174.748362
1531,2110.571109566835,7583116637.806521
1532,2098.939830599844,7281208940.9565935
1533,2087.372651179081,7007998753.96899
1534,2075.8692180543285,6837576738.585173
1535,2064.429179922122,7178797737.0497465
1536,2053.052187415007,6712082058.509639
1537,2041.7378930908915,6681406946.185425
1538,2030.485951422414,7245991274.811853
1539,2019.296018786407,5916686105.709674
1540,2008.1677534534003,6405767914.563684
1541,1997.1008155771738,6793690299.549842
1542,1986.0948671843946,6976320495.086435
1543,1975.1495721642827,7301257863.22208
1544,1964.2645962583563,6839907220.666636
1545,1953.4396070502205,7295994355.786495
1546,1942.6742739554084,7392254504.1179495
1547,1931.9682682113003,7451955054.084719
1548,1921.3212628670667,6586529401.385245
1549,1910.7329327736973,7064911280.434165
1550,1900.2029545740672,6636316088.833379
1551,1889.7310066930552,6924144455.416854
1552,1879.3167693277333,6807479374.6672945
1553,1868.9599244375916,7840369009.053778
1554,1858.6601557348324,6005344381.669472
1555,1848.4171486747105,6256941016.336285
1556,1838.2305904459183,7625358800.237579
1557,1828.1001699610476,6589093448.611107
1558,1818.0255778470735,7132974024.247985
1559,1808.006506435922,7089597027.448283
1560,1798.0426497550588,7769312438.302391
1561,1788.1337035181584,6788445089.265291
1562,1778.2793651158072,7691885175.245411
1563,1768.4793336062537,7177161183.385301
1564,1758.7333097062326,5711496702.934408
1565,1749.0409957818108,6208070850.291063
1566,1739.4020958393116,5944200457.239906
1567,1729.8163155162654,6183044851.378223
1568,1720.2833620724202,6480307104.227184
1569,1710.802944380811,6322568914.067245
1570,1701.3747729188551,6292632993.976638
1571,1691.9985597595248,6087623957.237385
1572,1682.674018562546,6931195411.696224
1573,1673.4008645656504,6152233813.58672
1574,1664.1788145758915,5526458075.560843
1575,1655.007586960981,5400856237.273483
1576,1645.8869016407014,6034595423.604616
1577,1636.816480078346,6563647343.9676485
1578,1627.7960452722095,6674056133.707133
1579,1618.825321747139,5787922138.8258295
1580,1609.9040355461086,6171628270.009422
1581,1601.031914221863,6188702231.073983
1582,1592.208686828595,5787968454.676552
1583,1583.4340839136646,6084358306.886637
1584,1574.707837509382,4757075284.027507
1585,1566.0296811248093,4374682799.764854
1586,1557.3993497376373,4239042971.996736
1587,1548.8165797860831,4894386415.202908
1588,1540.2811091608394,4595328680.997911
1589,1531.7926771970795,4029751822.3470697
1590,1523.351024666484,4973915400.09543
1591,1514.9558937693373,5725805581.368451
1592,1506.6070281266466,4791827192.000448
1593,1498.304172772311,5778569406.139941
1594,1490.0470741453437,5047485750.0968
1595,1481.835480082118,4354516734.109358
1596,1473.6691398086753,5142642459.980434
1597,1465.5478039330594,5105744614.989945
1598,1457.4712244377079,4472933683.155362
1599,1449.4391546718728,4941651763.556356
1600,1441.4513493440859,4798416877.362552
1601,1433.507564514677,5764689926.468454
1602,1425.6075575883115,4339032927.745634
1603,1417.7510873065944,5644642965.664259
1604,1409.9379137406954,4598143763.77671
1605,1402.16779828402,4567603400.76268
1606,1394.4405036449307,4080646860.926721
1607,1386.7557938394898,4158856269.6781774
1608,1379.1134341842633,4672585842.932904
1609,1371.5131912891477,4283523033.5292163
1610,1363.95483305024,3637802467.4956565
1611,1356.4381286427592,4116837063.8776574
1612,1348.9628485139854,4541646136.735107
1613,1341.5287643762583,4235703605.2725983
1614,1334.135649200004,3667044270.67281
1615,1326.7832772067948,4069133456.765699
1616,1319.4714238624658,4523253149.313332
1617,1312.1998658702457,3525574101.0490947
1618,1304.9683811639477,3498726940.663828
1619,1297.7767489011826,3415642690.150473
1620,1290.6247494566132,4681955173.447417
1621,1283.5121644152528,3766649258.172814
1622,1276.4387765657875,3782962022.5064707
1623,1269.4043698939504,2627328392.047557
1624,1262.4087295759207,2578346404.9511123
1625,1255.4516419717615,2992939570.4025817
1626,1248.5328946189009,3027672379.744762
1627,1241.652276225636,2927742376.0025897
1628,1234.809576664688,2454626085.7695
1629,1228.0045869667827,2352375171.6084414
1630,1221.2370993142636,1061485572.3478528
1631,1214.506907034754,777715838.6054513
1632,1207.8138045948363,1149816432.9849195
1633,1201.1575875937856,1280484464.0730371
1634,1194.5380527573163,1421340859.8363726
1635,1187.9549979313836,2204487755.6989427
1636,1181.4082220760054,2329485628.2377005
1637,1174.8975252591208,2329582536.6639953
1638,1168.4227086504918,2157375501.490446
1639,1161.9835745156215,2105628728.5468593
1640,1155.5799262097237,2026266495.131277
1641,1149.2115681717146,2231329195.9385734
1642,1142.8783059182367,2456865606.7732887
1643,1136.579946037728,1974904121.5940325
1644,1130.316296184505,1958488808.0478058
1645,1124.0871650728989,2202053939.8570657
1646,1117.8923624714075,1618658057.3159914
1647,1111.7316991968855,1515252582.3482184
1648,1105.6049871087725,1573666011.1886115
1649,1099.512039103339,1870844626.51113
1650,1093.4526691079814,1722151709.0309525
1651,1087.426692075535,1392611552.3740962
1652,1081.4339239786186,1596034024.268215
1653,1075.4741818040256,1623845086.2522504
1654,1069.547283547123,1608069304.2684226
1655,1063.6530482063015,1470806921.54013
1656,1057.791295777445,1750345360.762167
1657,1051.9618472484308,1400964241.2184112
1658,1046.164524593669,1470521500.9714081
1659,1040.3991507686583,1056865704.5825468
1660,1034.6655497045858,942015069.1482217
1661,1028.963546302948,338013342.4240099
1662,1023.2929664301988,455920850.9306154
1663,1017.65363691244,798044918.7200925
1664,1012.0453855301245,910771646.9323643
1665,1006.4680410128035,1031308707.4007716
1666,1000.9214330338934,877025239.4052846
1667,995.4053922054711,678900303.056382
1668,989.9197500731077,895332395.7745676
1669,984.464339110718,581686214.1797612
1670,979.038992715445,258142914.8394903
1671,973.6435452025814,141686225.00777277
1672,968.277831800494,312532909.9939097
1673,962.9416886456017,513802490.3923247
1674,957.6349527773747,604553447.7311835
1675,952.3574621333466,363398582.69672227
1676,947.1090555441718,234678611.41432232
1677,941.8895727287087,693657128.00947
1678,936.6988542891125,120862416.81696163
1679,931.5367417059772,109377025.70890164
1680,926.4030773334882,64495929.70915192
1681,921.2977043946177,64554186.63518146
1682,916.2204669763242,66899080.5793748
1683,911.1712100247973,43862850.36504434
1684,906.1497793407283,37373255.12963671
1685,901.1560215745887,34344032.22044536
1686,896.1897842219543,34325486.88071739
1687,891.250915618853,34298736.5196369
1688,886.3392649371204,34232667.70857094
1689,881.4546821798037,34135338.82040282
1690,876.597018176575,34012376.89388851
1691,871.7661245791844,33676996.66909395
1692,866.9618538569181,34034557.15443159
1693,862.184059292099,33205057.337589417
1694,857.4325949756102,38383547.146289945
1695,852.7073158024301,33946876.70758994
1696,848.0080774672065,40959793.56562888
1697,843.3347364598472,33760039.20144517
1698,838.6871500611444,81024308.8215415
1699,834.0651763384045,32051761.06496552
1700,829.4686741411208,32822527.293647554
1701,824.8975030966657,33623295.210872754
1702,820.3515236059958,33976676.4772675
1703,815.8305968393922,34269404.7811142
1704,811.334584732227,34420390.51786784
1705,806.8633499807362,35112719.36072324
1706,802.416756037833,34504241.24891552
1707,797.994667108935,34394547.71879111
1708,793.5969481478243,33634757.77278345
1709,789.2234648525116,31967898.31521806
1710,784.8740836611422,30369754.50061115
1711,780.5486717479196,31677952.97408924
1712,776.2470970190407,33381646.29469155
1713,771.969228108667,32136762.452041097
1714,767.7149343749169,29669572.850657184
1715,763.4840858958661,28947220.525362086
1716,759.276553465587,31561473.540951136
1717,755.0922085901996,33010412.696933005
1718,750.9309234839535,33584625.003804855
1719,746.7925710653161,33883848.92087579
1720,742.677024953097,36465385.50418333
1721,738.5841594625914,34399098.06663081
1722,734.5138496017344,34622066.96107732
1723,730.4659710672876,34749132.98259297
1724,726.4404002410475,55030996.75170509
1725,722.4370141860616,34969355.264150284
1726,718.4556906428797,35069844.80183368
1727,714.4963080258177,35054036.423277535
1728,710.5587454192497,34858245.37085346
1729,706.6428825739072,34663759.46347052
1730,702.7485999032107,34566547.07334433
1731,698.8757784796227,34542389.44355512
1732,695.0243000310062,36167702.98044044
1733,691.1940469370192,33938404.61515178
1734,687.3849022255193,33367058.207652796
1735,683.596749568998,33315004.242302485
1736,679.8294732810189,34094581.304498285
1737,676.082958312689,34880506.9814113
1738,672.3570902491499,34817509.37708497
1739,668.6517553060752,35584897.24800777
1740,664.9668403261995,34003674.114427246
1741,661.302232775867,34201387.87986449
1742,657.6578207415865,34505461.55666797
1743,654.0334929266196,34877409.64322577
1744,650.4291386475786,35211296.08794488
1745,646.8446478310516,35113508.83889347
1746,643.2799110102335,34804449.00675628
1747,639.7348193215865,34631554.18920393
1748,636.2092645015198,34867222.20748536
1749,632.7031388830753,35159980.50836946
1750,629.2163353926435,35374385.85961161
1751,625.7487475466972,35364572.2675258
1752,622.3002694485324,35349898.714881
1753,618.8707957850389,35202857.57532084
1754,615.4602218234826,34846739.62045509
1755,612.0684434083103,34451076.47923044
1756,608.6953569579633,40916779.13794309
1757,605.3408594617166,34390815.86077435
1758,602.0048484765372,36180762.22615103
1759,598.6872221239483,34798911.24307199
1760,595.3878790869217,35254524.7414137
1761,592.1067186067869,35720216.1406842
1762,588.8436404801473,35876903.50790114
1763,585.5985450558247,35586172.578578316
1764,582.3713332318133,35127580.604641914
1765,579.161906452259,34889304.501249395
1766,575.9701667044411,34961473.879312955
1767,572.7960165157841,35048220.31524466
1768,569.6393589508829,35161271.113284536
1769,566.5000976085369,35371719.41542529
1770,563.3781366188099,35594100.59933857
1771,560.2733806401004,35698603.271461956
1772,557.1857348562341,34432578.9614199
1773,554.1151049735619,32955308.08691263
1774,551.0613972180834,31565910.520776503
1775,548.0245183325865,31365846.837932836
1776,545.004375573793,31830896.963080212
1777,542.0008767095294,32303850.52587821
1778,539.0139300159134,32904701.68283229
1779,536.0434442745465,33743953.9823615
1780,533.0893287697327,34611438.5020561
1781,530.1514932857051,35423285.53143728
1782,527.2298481038764,35660073.18794947
1783,524.3243040000916,35778345.629039206
1784,521.4347722419069,35896962.39667912
1785,518.5611645858827,35297203.389701776
1786,515.7033932748824,34017939.03872116
1787,512.8613710353962,32825556.209931426
1788,510.035011074878,33011197.211738113
1789,507.2242270790896,33878824.99915978
1790,504.42893320946774,40296947.454187945
1791,501.6490441005017,35028422.56615809
1792,498.8844748571302,35359925.799331695
1793,496.1351410521417,34568117.14748021
1794,493.4009587236008,34242739.33420875
1795,490.68184437228535,33926869.55332394
1796,487.97771495913184,33745009.45972797
1797,485.288487902702,33618554.389398664
1798,482.6140810766635,33493530.845907062
1799,479.95441280727607,33419983.954455562
1800,477.30940187090204,50413649.770250864
1801,474.6789674915224,33880919.37887934
1802,472.06302933827527,58972938.14565932
1803,469.46150752299593,34285151.7286889
1804,466.8743225977808,34044739.42876344
1805,464.30139555256324,35566395.42480506
1806,461.7426478126951,33563545.763221875
1807,459.1980012365517,33466540.12637804
1808,456.66737811314255,33644914.16388347
1809,454.15070115974294,33833938.91865401
1810,451.6478935195268,33997862.58587642
1811,449.15887875922357,33651742.669856116
1812,446.6835808667865,33096837.355077885
1813,444.22192424906564,32551261.851509016
1814,441.7738337295016,32025424.70166039
1815,439.3392345458336,31916531.73800071
1816,436.91805234780963,32019319.333827738
1817,434.51021319492054,32122570.966476914
1818,432.11564355413935,32226287.882924568
1819,429.73427029767964,32284110.37530085
1820,427.3660207007569,32159187.64583628
1821,425.01082243937003,32016698.42475162
1822,422.6686035880957,31887687.767467264
1823,420.3392926178861,32129515.27072173
1824,418.0228183938874,34287966.96345723
1825,415.7191101732698,33756625.66084527
1826,413.4280976030623,33306595.416523412
1827,411.14971071800716,33379717.202550333
1828,408.88387993842167,33447804.84786437
1829,406.6305360680768,33506904.56598052
1830,404.38961029207894,33492290.204637397
1831,402.1610341747706,33241746.28657386
1832,399.94473965764337,32974895.408079956
1833,397.740659057254,32723005.67828905
1834,395.5487250631604,32444167.749350797
1835,393.3688707358682,31541146.48657275
1836,391.2010295047817,30648805.34893831
1837,389.0451351661741,29341512.542122718
1838,386.9011218811638,28681611.439257372
1839,384.76892417370766,54537619.319733314
1840,382.6484769285961,28171050.56822208
1841,380.53971538946666,30031640.73347364
1842,378.4425751568296,29585588.58548541
1843,376.3569921860957,30321865.378578372
1844,374.2829027856241,30880435.772758707
1845,372.22024361477554,31102094.32015622
1846,370.16895168198045,31319574.32733882
1847,368.1289643428118,31539326.99187036
1848,366.1002192980732,31684898.949250914
1849,364.08265459189926,31037173.258362923
1850,362.07620860985884,30284061.586529583
1851,360.08082007707566,29551161.37203772
1852,358.0964280563592,28838168.27834581
1853,356.1229719463391,28165971.57509413
1854,354.16039147961806,27540815.777467195
1855,352.2086267209291,28097341.94371236
1856,350.2676180653086,26352253.720068023
1857,348.33730623627144,25833055.62919873
1858,346.41763228400305,25746837.168648586
1859,344.50853758356135,25817411.531485576
1860,342.6099638330815,25889383.46365338
1861,340.7218530519989,25962769.030347414
1862,338.8441475792792,26058929.686521083
1863,336.9767900716538,26461748.631269243
1864,335.1197235018717,27185704.430606406
1865,333.2728911569561,27929698.10964979
1866,331.4362366364753,28694573.893515524
1867,329.6097038508164,29480832.499418397
1868,327.7932370194741,30005048.980618205
1869,325.98678066934957,29442858.986380525
1870,324.19027963305206,28787245.538535476
1871,322.4036790472163,28149136.015081625
1872,320.626924350829,27528021.4271519
1873,318.8599612835585,26923331.631304298
1874,317.1027358841005,25712129.28612113
1875,315.35519448852904,23995144.95388264
1876,313.6172837286597,22405656.328241162
1877,311.88895053041614,20926798.293456633
1878,310.17014211221175,19510126.04534283
1879,308.4608059833387,18271190.83563175
1880,306.7608899423618,18623673.017577257
1881,305.07034207552675,19702358.089924246
1882,303.3891107551733,20848630.529843736
1883,301.717144638161,22062724.724945717
1884,300.05439266429806,22284426.118376404
1885,298.4008040547833,21733148.016376395
1886,296.75632831065747,21211468.75520375
1887,295.1209152112572,21291560.179269396
1888,293.49451481268386,21885296.461268056
1889,291.87707744627903,22979347.564300384
1890,290.26855371710485,23078292.440247867
1891,288.6688945024379,23049234.774220802
1892,287.0780509502673,22906413.188171975
1893,285.4959744778059,22617207.652672593
1894,283.9226167700025,22286074.77690158
1895,282.35792977806835,21387536.376809064
1896,280.80186571801175,20454889.41261412
1897,279.2543770691749,19662314.387727387
1898,277.71541657278465,21436621.890926704
1899,276.1849372305108,21025315.25432668
1900,274.66289230302755,21955935.802798335
1901,273.14923530858835,22039224.55477038
1902,271.6439200216054,21447253.320009872
1903,270.14690047123986,20871246.910575997
1904,268.65813093999503,20600717.944122504
1905,267.17756596232135,21101316.50257727
1906,265.70516032323,21656346.5898039
1907,264.2408690569089,22061379.209751274
1908,262.78464744535046,20428980.075707883
1909,261.33645101698824,18375506.840144165
1910,259.89623554533523,16631778.608293483
1911,258.4639570476357,15477394.452393219
1912,257.0395717835204,14716409.100917649
1913,255.62303625367346,15478493.736679133
1914,254.2143071985004,16595577.777091235
1915,252.8133415968088,18976978.37079568
1916,251.4200966644961,26133397.200668987
1917,250.0345298532397,16656205.076939177
1918,248.6565988491996,15235148.592366317
1919,247.2862615717255,14037147.138157593
1920,245.92347617207355,18341134.100416213
1921,244.56820103212507,12930944.3498653
1922,243.2203947631173,13657641.592627153
1923,241.8800162043811,12822249.365447044
1924,240.54702442208068,12762866.04900854
1925,239.22137870796493,12495622.60800387
1926,237.90303857812603,10217228.726705218
1927,236.59196377176013,8893620.956902688
1928,235.28811424993933,7748126.300834361
1929,233.99145019438856,6575978.706118281
1930,232.7019320062711,4725342.884865987
1931,231.4195203049766,3303956.74706123
1932,230.1441759269197,2348482.748940388
1933,228.87585992434563,1943666.6943721
1934,227.6145335641377,1679425.372671037
1935,226.36015832663603,1532149.1260302428
1936,225.11269590446275,1472744.9806677832
1937,223.8721082013488,1415826.6458701899
1938,222.638357330973,1351384.9522624018
1939,221.41140561580355,1270558.6932476442
1940,220.19121558594972,1201452.0722577968
1941,218.97774997801454,1217530.446811861
1942,217.77097173395816,1260284.8446585415
1943,216.57084399996765,1305758.1082487307
1944,215.37733012532865,1316163.3032699495
1945,214.19039366130758,1293130.6161380808
1946,213.00999836003982,1270518.7619107724
1947,211.83610817341997,1248319.7240324256
1948,210.66868725200294,1226525.647335989
1949,209.50769994390814,1204707.8451026764
1950,208.35311079373238,1182728.3151315066
1951,207.20488454146482,1161139.1036940843
1952,206.06298612141094,1139935.8845657548
1953,204.92738066112335,1117306.4051492054
1954,203.7980334803343,1086835.4986514337
1955,202.67491008989782,1056178.7142292995
1956,201.5579761907363,1038271.2991500865
1957,200.44719767279395,1038298.2213292922
1958,199.3425406139933,1038692.3454178735
1959,198.24397127919994,1036681.1911183518
1960,197.15145611919394,988588.9797658098
1961,196.06496176964254,926932.2937210912
1962,194.98445505008272,869444.738324939
1963,193.90990296290866,820886.4315225261
1964,192.84127269236237,796695.1802154917
1965,191.77853160353226,775752.1869720991
1966,190.7216472413564,746803.9808376841
1967,189.67058732963255,699867.0061507839
1968,188.6253197700303,655255.2255635384
1969,187.58581264111194,613594.8313585803
1970,186.55203419735878,574684.5566422726
1971,185.52395286819927,564848.366872877
1972,184.5015372570463,586911.6308287856
1973,183.4847561403391,609938.0131429386
1974,182.47357846658775,633911.4169076851
1975,181.46797335542638,636144.8702279797
1976,180.46791009666916,619139.1026135387
1977,179.47335814937426,580716.5547966962
1978,178.48428714090846,526765.9723699911
1979,177.50066686602125,478114.81178372825
1980,176.52246728592309,457065.1871332099
1981,175.54965852736606,461676.51496118575
1982,174.58221088173258,466794.9873469495
1983,173.6200948041292,472424.521993594
1984,172.6632809124823,479718.56221397145
1985,171.71173998664202,489746.92031118256
1986,170.76544296748938,500815.4325790359
1987,169.82436095605019,509815.436665991
1988,168.88846521261033,509903.8250877587
1989,167.95772715583922,509406.30328546267
1990,167.03211836191792,508955.2345648845
1991,166.1116105636691,507335.94141939736
1992,165.19617564969516,493522.06052160636
1993,164.28578566351905,477048.7277580381
1994,163.38041280273174,461184.3738600403
1995,162.48002941814124,445903.4518331199
1996,161.58460801292938,429118.276708805
1997,160.69412124181275,410906.8003401521
1998,159.8085419102059,393794.86265165487
1999,158.92784297339165,376355.4308244213
2000,158.05199753569636,354178.4110145779
2001,157.18097884966636,332783.3506465259
2002,156.31476031525253,312783.11890577653
2003,155.45331547899738,294081.2078503018
2004,154.59661803322834,281420.4527027444
2005,153.74464181525252,274665.07504858385
2006,152.89736080655865,268082.8811264355
2007,152.05474913202346,261665.29856130754
2008,151.21678105911957,255532.13387202684
2009,150.3834309971306,252461.86588687997
2010,149.55467349637064,250725.54180964583
2011,148.73048324740503,249083.81274078938
2012,147.91083508027887,247533.11800462205
2013,147.09570396374758,245225.08929665977
2014,146.28506500451374,234941.9190700908
2015,145.47889344646515,223730.62740406208
2016,144.6771646699195,213727.27152172895
2017,143.87985419087366,204805.54137139497
2018,143.08693766025388,195986.85340581965
2019,142.29839086317347,180163.08602588708
2020,141.51418971819376,164446.8766029125
2021,140.73431027658714,150742.74284117974
2022,139.95872872160703,138252.0685002746
2023,139.18742136775953,124801.42432545748
2024,138.42036466008162,112497.57718499009
2025,137.65753517341983,101510.866322489
2026,136.89890961171602,92412.86763432913
2027,136.1444648072965,86697.7978356994
2028,135.3941777201628,81579.62700722869
2029,134.64802543728965,76781.0541745299
2030,133.9059851719239,75527.7241668429
2031,133.1680342628906,87559.02506188455
2032,132.4341501738985,103351.46676073721
2033,131.70431049285327,101139.03620724168
2034,130.97849293117352,78654.24822068601
2035,130.2566753231086,77134.88565045371
2036,129.53883562506246,78362.335740334
2037,128.82495191492131,79672.0401280233
2038,128.11500239138257,80346.82664922594
2039,127.40896537329002,72559.23484928366
2040,126.70681929897125,69442.11727513469
2041,126.00854272558024,75098.97231562751
2042,125.31411432844084,81396.48373718072
2043,124.62351290039649,82539.64464612385
2044,123.93671735116321,79142.4360324031
2045,123.25370670668401,75894.76385019683
2046,122.57446010848913,72789.64056197707
2047,121.89895681305993,69820.42316494836
2048,121.22717619119365,66792.11814422812
2049,120.55909772737455,55628.81164253397
2050,119.89470101914704,42904.92162460763
2051,119.2339657764933,33270.002672078226
2052,118.57687182121234,25936.404027943456
2053,117.92339908630447,21153.682470751817
2054,117.2735276153593,20363.246931668888
2055,116.62723756194465,19935.79077357958
2056,115.98450918900137,19523.872238395164
2057,115.34532286824123,19126.77985494561
2058,114.70965907954589,18743.83905159853
2059,114.07749841037213,18508.073615346555
2060,113.44882155515813,19706.38131020319
2061,112.82360931473514,21418.22302741216
2062,112.20184259573941,23307.731790162175
2063,111.58350241003029,25394.888767781184
2064,110.96856987411053,27702.04759484475
2065,110.35702620854853,30254.224110420353
2066,109.7488527374054,30251.135833188902
2067,109.14403088766548,26739.53648708884
2068,108.5425421886674,23631.046834341352
2069,107.94436827154131,21202.77361137037
2070,107.34949086864722,20271.619747872104
2071,106.75789181301819,19530.615850688584
2072,106.16955303780401,18755.56295441888
2073,105.58445657572018,16086.871696032034
2074,105.00258455849999,13125.932482522445
2075,104.42391921634736,10781.16796700265
2076,103.84844287739514,8915.58692469623
2077,103.276137967165,7406.114119351992
2078,102.70698700803145,6159.3037227038
2079,102.140972618687,5179.639302722187
2080,101.57807751361187,5508.757602681298
2081,101.01828450254678,6474.175959136417
2082,100.46157648996667,7653.295523217132
2083,99.90793647455929,8041.336214643802
2084,99.35734754870667,5770.70927807217
2085,98.80979289796744,4176.87416483436
2086,98.26525580056408,3150.501181569899
2087,97.7237196268722,2613.913074631559
2088,97.18516783891305,2332.8254263679596
2089,96.64958398984754,2088.749006949813
2090,96.11695172347457,1879.6788702424376
2091,95.58725477373194,1753.2129838024712
2092,95.06047696419854,1656.7436561475085
2093,94.53660220760095,1565.826741296306
2094,94.01561450532274,1486.0583503215419
2095,93.49749794691459,1449.8737728471763
2096,92.98223670960927,1422.1608151113185
2097,92.46981505783818,1395.2019408093968
2098,91.96021734275124,1368.9691794896798
2099,91.45342800173813,1343.4358840926557
2100,90.94943155795356,528.1506786904018
2101,90.44821261984495,0.0
2102,89.94975588068155,0.0
2103,89.4540461180875,0.0
2104,88.96106819357725,0.0
2105,88.47080705209251,0.0
2106,87.98324772154292,0.0
2107,87.49837531234866,0.0
2108,87.01617501698631,0.0
2109,86.53663210953562,0.0
2110,86.05973194523045,0.0
2111,85.58545996001179,0.0
2112,85.11380167008218,0.0
2113,84.644742671464,0.0
2114,84.17826863955928,0.0
2115,83.7143653287128,0.0
2116,83.25301857177614,0.0
2117,82.79421427967556,0.0
2118,82.33793844098214,0.0
2119,81.88417712148294,0.0
2120,81.4329164637559,0.0
2121,80.98414268674729,0.0
2122,80.53784208534965,0.0
2123,80.0940010299841,0.0
2124,79.65260596618371,0.0
2125,79.21364341418014,0.0
2126,78.7770999684911,0.0
2127,78.34296229751142,0.0
2128,77.91121714310636,0.0
2129,77.4818513202058,0.0
2130,77.05485171640214,0.0
2131,76.6302052915501,0.0
2132,76.20789907736776,0.0
2133,75.78792017704107,0.0
2134,75.37025576482971,0.0
2135,74.95489308567596,0.0
2136,74.54181945481432,0.0
2137,74.13102225738453,0.0
2138,73.72248894804687,0.0
2139,73.31620705059797,0.0
2140,72.91216415759045,0.0
2141,72.51034792995432,0.0
2142,72.1107460966193,0.0
2143,71.71334645414065,0.0
2144,71.31813686632626,0.0
2145,70.92510526386654,0.0
2146,70.53423964396495,0.0
2147,70.14552806997196,0.0
2148,69.7589586710209,0.0
2149,69.37451964166458,0.0
2150,68.99219924151524,0.0
2151,68.61198579488598,0.0
2152,68.23386769043448,0.0
2153,67.8578333808077,0.0
2154,67.48387138228966,0.0
2155,67.11197027445111,0.0
2156,66.74211869979997,0.0
2157,66.37430536343484,0.0
2158,66.00851903270049,0.0
2159,65.64474853684412,0.0
2160,65.2829827666746,0.0
2161,64.92321067422301,0.0
2162,64.56542127240583,0.0
2163,64.20960363468842,0.0
2164,63.85574689475204,0.0
2165,63.50384024616211,0.0
2166,63.15387294203754,0.0
2167,62.8058342947229,0.0
2168,62.459713675462446,0.0
2169,62.11550051407468,0.0
2170,61.773184298630156,0.0
2171,61.43275457513014,0.0
2172,61.09420094718786,0.0
2173,60.757513075710285,0.0
2174,60.422680678582715,0.0
2175,60.089693530355255,0.0
2176,59.75854146192957,0.0
2177,59.42921436024897,0.0
2178,59.10170216798977,0.0
2179,58.775994883253475,0.0
2180,58.45208255926177,0.0
2181,58.129955304052565,0.0
2182,57.809603280178386,0.0
2183,57.49101670440515,0.0
2184,57.17418584741387,0.0
2185,56.85910103350379,0.0
2186,56.54575264029627,0.0
2187,56.234131098441324,0.0
2188,55.924226891325176,0.0
2189,55.61603055478014,0.0
2190,55.30953267679483,0.0
2191,55.004723897227144,0.0
2192,54.70159490751864,0.0
2193,54.40013645040972,0.0
2194,54.10033931965718,0.0
2195,53.80219435975346,0.0
2196,53.505692465646234,0.0
2197,53.210824582460965,0.0
2198,52.91758170522408,0.0
2199,52.62595487858836,0.0
2200,52.33593519655893,0.0
2201,52.04751380222139,0.0
2202,51.76068188747195,0.0
2203,51.475430692747494,0.0
2204,51.191751506758614,0.0
2205,50.909635666223785,0.0
2206,50.62907455560419,0.0
2207,50.35005960684103,0.0
2208,50.07258229909365,0.0
2209,49.79663415847976,0.0
2210,49.522206757816,0.0
2211,49.24929171636091,0.0
2212,48.977880699559265,0.0
2213,48.70796541878701,0.0
2214,48.43953763109833,0.0
2215,48.17258913897434,0.0
2216,47.90711179007201,0.0
2217,47.64309747697572,0.0
2218,47.38053813694942,0.0
2219,47.11942575169078,0.0
2220,46.8597523470857,0.0
2221,46.601509992965205,0.0
2222,46.344690802863425,0.0
2223,46.089286933776215,0.0
2224,45.83529058592209,0.0
2225,45.58269400250369,0.0
2226,45.33148946947145,0.0
2227,45.081669315287286,0.0
2228,44.83322591069073,0.0
2229,44.58615166846612,0.0
2230,44.34043904321043,0.0
2231,44.096080531103034,0.0
2232,43.85306866967686,0.0
2233,43.61139603758994,0.0
2234,43.37105525439917,0.0
2235,43.13203898033465,0.0
2236,42.89433991607599,0.0
2237,42.65795080252881,0.0
2238,42.42286442060331,0.0
2239,42.1890735909941,0.0
2240,41.95657117396042,0.0
2241,41.72535006910834,0.0
2242,41.495403215174235,0.0
2243,41.26672358980851,0.0
2244,41.03930420936163,0.0
2245,40.8131381286706,0.0
2246,40.58821844084718,0.0
2247,40.364538277066515,0.0
2248,40.14209080635757,0.0
2249,39.9208692353948,0.0
2250,39.70086680829016,0.0
2251,39.48207680638708,0.0
2252,39.26449254805545,0.0
2253,39.048107388487196,0.0
2254,38.83291471949359,0.0
2255,38.61890796930328,0.0
2256,38.40608060236196,0.0
2257,38.194426119132316,0.0
2258,37.983938055895685,0.0
2259,37.77460998455499,0.0
2260,37.56643551243791,0.0
2261,37.359408282101995,0.0
2262,37.15352197114032,0.0
2263,36.94877029198877,0.0
2264,36.745146991733534,0.0
2265,36.54264585192033,0.0
2266,36.341260688364834,0.0
2267,36.14098535096326,0.0
2268,35.94181372350484,0.0
2269,35.74373972348525,0.0
2270,35.54675730192036,0.0
2271,35.350860443161885,0.0
2272,35.15604316471344,0.0
2273,34.9622995170482,0.0
2274,34.76962358342674,0.0
2275,34.57800947971657,0.0
2276,34.38745135421262,0.0
2277,34.19794338745818,0.0
2278,34.00947979206733,0.0
2279,33.822054812548416,0.0
2280,33.63566272512791,0.0
2281,33.4502978375758,0.0
2282,33.265954489031735,0.0
2283,33.082627049832325,0.0
2284,32.900309921338845,0.0
2285,32.718997535766476,0.0
2286,32.53868435601445,0.0
2287,32.359364875496524,0.0
2288,32.181033617973085,0.0
2289,32.00368513738408,0.0
2290,31.827314017682237,0.0
2291,31.65191487266805,0.0
2292,31.477482345825052,0.0
2293,31.304011110156537,0.0
2294,31.13149586802251,0.0
2295,30.95993135097805,0.0
2296,30.789312319612645,0.0
2297,30.619633563389776,0.0
2298,30.45088990048807,0.0
2299,30.283076177642922,0.0
2300,30.11618726998936,0.0
2301,29.950218080905138,0.0
2302,29.785163541855354,0.0
2303,29.62101861223777,0.0
2304,29.45777827922853,0.0
2305,29.295437557629292,0.0
2306,29.133991489715104,0.0
2307,28.973435145082703,0.0
2308,28.81376362050013,0.0
2309,28.65497203975691,0.0
2310,28.497055553515356,0.0
2311,28.340009339162126,0.0
2312,28.183828600661116,0.0
2313,28.028508568407187,0.0
2314,27.87404449908012,0.0
2315,27.720431675499977,0.0
2316,27.567665406483194,0.0
2317,27.415741026698957,0.0
2318,27.264653896527,0.0
2319,27.114399401915747,0.0
2320,26.964972954241677,0.0
2321,26.816369990168834,0.0
2322,26.66858597150962,0.0
2323,26.52161638508642,0.0
2324,26.375456742593368,0.0
2325,26.230102580459516,0.0
2326,26.08554945971263,0.0
2327,25.941792965843334,0.0
2328,25.798828708670516,0.0
2329,25.65665232220711,0.0
2330,25.515259464527023,0.0
2331,25.37464581763219,0.0
2332,25.234807087320874,0.0
2333,25.09573900305668,0.0
2334,24.95743731783782,0.0
2335,24.819897808067623,0.0
2336,24.68311627342547,0.0
2337,24.547088536738695,0.0
2338,24.411810443854712,0.0
2339,24.27727786351433,0.0
2340,24.143486687225735,0.0
2341,24.010432829138683,0.0
2342,23.8781122259199,0.0
2343,23.746520836629166,0.0
2344,23.615654642595565,0.0
2345,23.485509647294972,0.0
2346,23.356081876227925,0.0
2347,23.227367376798416,0.0
2348,23.0993622181929,0.0
2349,22.97206249126041,0.0
2350,22.845464308393293,0.0
2351,22.719563803408224,0.0
2352,22.594357131428286,0.0
2353,22.46984046876564,0.0
2354,22.346010012804538,0.0
2355,22.22286198188534,0.0
2356,22.100392615188955,0.0
2357,21.978598172622156,0.0
2358,21.8574749347031,0.0
2359,21.737019202447854,0.0
2360,21.617227297257607,0.0
2361,21.49809556080602,0.0
2362,21.37962035492766,0.0
2363,21.261798061507015,0.0
2364,21.144625082367753,0.0
2365,21.028097839162985,0.0
2366,20.912212773265935,0.0
2367,20.796966345661396,0.0
2368,20.682355036837425,0.0
2369,20.56837534667799,0.0
2370,20.45502379435618,0.0
2371,20.342296918227643,0.0
2372,20.230191275725115,0.0
2373,20.11870344325312,0.0
2374,20.00783001608361,0.0
2375,19.897567608251748,0.0
2376,19.787912852452628,0.0
2377,19.678862399938566,0.0
2378,19.570412920416565,0.0
2379,19.462561101946743,0.0
2380,19.355303650841332,0.0
2381,19.248637291563846,0.0
2382,19.14255876662916,0.0
2383,19.037064836504033,0.0
2384,18.932152279508262,0.0
2385,18.827817891716087,0.0
2386,18.72405848685847,0.0
2387,18.620870896225906,0.0
2388,18.518251968571402,0.0
2389,18.416198570014384,0.0
2390,18.314707583945072,0.0
2391,18.21377591092912,0.0
2392,18.113400468613055,0.0
2393,18.01357819163013,0.0
2394,17.914306031506825,0.0
2395,17.81558095656952,0.0
2396,17.717399951852045,0.0
2397,17.619760019003714,0.0
2398,17.522658176197513,0.0
2399,17.426091458039185,0.0
2400,17.33005691547675,0.0
2401,17.23455161571023,0.0
2402,17.139572642102245,0.0
2403,17.04511709408885,0.0
2404,16.951182087091123,0.0
2405,16.857764752426817,0.0
2406,16.764862237222914,0.0
2407,16.67247170432856,0.0
2408,16.580590332228237,0.0
2409,16.48921531495573,0.0
2410,16.39834386200835,0.0
2411,16.307973198261887,0.0
2412,16.21810056388563,0.0
2413,16.12872321425819,0.0
2414,16.039838419883782,0.0
2415,15.951443466308673,0.0
2416,15.863535654038389,0.0
2417,15.776112298455365,0.0
2418,15.689170729736759,0.0
2419,15.602708292773066,0.0
2420,15.51672234708695,0.0
2421,15.431210266752762,0.0
2422,15.346169440316105,0.0
2423,15.261597270714239,0.0
2424,15.177491175196815,0.0
2425,15.093848585246846,0.0
2426,15.010666946502335,0.0
2427,14.927943718678378,0.0
2428,14.845676375489395,0.0
2429,14.763862404572107,0.0
2430,14.682499307408724,0.0
2431,14.601584599250813,0.0
2432,14.521115809043193,0.0
2433,14.441090479348572,0.0
2434,14.361506166272608,0.0
2435,14.282360439389066,0.0
2436,14.203650881665705,0.0
2437,14.125375089390547,0.0
2438,14.0475306720983,0.0
2439,13.97011525249746,0.0
2440,13.893126466397653,0.0
2441,13.816561962637572,0.0
2442,13.740419403012972,0.0
2443,13.66469646220537,0.0
2444,13.589390827711124,0.0
2445,13.514500199770607,0.0
2446,13.440022291298128,0.0
2447,13.365954827811999,0.0
2448,13.292295547365207,0.0
2449,13.219042200476162,0.0
2450,13.146192550060084,0.0
2451,13.07374437136076,0.0
2452,13.001695451882458,0.0
2453,12.930043591322406,0.0
2454,12.858786601503716,0.0
2455,12.787922306308383,0.0
2456,12.717448541610919,0.0
2457,12.64736315521224,0.0
2458,12.57766400677402,0.0
2459,12.508348967753191,0.0
2460,12.43941592133699,0.0
2461,12.37086276237842,0.0
2462,12.302687397331797,0.0
2463,12.23488774418888,0.0
2464,12.16746173241537,0.0
2465,12.100407302887547,0.0
2466,12.03372240782946,0.0
2467,11.967405010750348,0.0
2468,11.901453086382556,0.0
2469,11.835864620619525,0.0
2470,11.770637610454365,0.0
2471,11.70577006391875,0.0
2472,11.641260000021955,0.0
2473,11.577105448690416,0.0
2474,11.513304450707633,0.0
2475,11.449855057654224,0.0
2476,11.386755331848484,0.0
2477,11.32400334628718,0.0
2478,11.261597184586789,0.0
2479,11.199534940924838,0.0
2480,11.137814719981778,0.0
2481,11.076434636883155,0.0
2482,11.015392817141924,0.0
2483,10.954687396601269,0.0
2484,10.894316521377743,0.0
2485,10.834278347804501,0.0
2486,10.774571042375117,0.0
2487,10.715192781687518,0.0
2488,10.656141752388407,0.0
2489,10.597416151117732,0.0
2490,10.539014184453702,0.0
2491,10.480934068858065,0.0
2492,10.42317403062152,0.0
2493,10.365732305809638,0.0
2494,10.308607140208935,0.0
2495,10.251796789273403,0.0
2496,10.195299518071103,0.0
2497,10.139113601231234,0.0
2498,10.083237322891511,0.0
2499,10.027668976645652,0.0
